atom1,res1,chain1,atom1_xcoord,atom1_ycoord,atom1_zcoord,atom1_resnum,atom2,res2,chain2,atom2_xcoord,atom2_ycoord,atom2_zcoord,atom2_resnum,distance
186,VAL,A,5.53,2.005,2.379,159,831,LEU,B,2.185,2.186,0.259,156,3.964364514017348
187,VAL,A,4.64,2.971,3.178,159,831,LEU,B,2.185,2.186,0.259,156,3.8940738308357736
235,LEU,A,2.445,2.526,9.03,163,892,GLY,B,-0.518,0.865,7.081,160,3.9162342881906334
235,LEU,A,2.445,2.526,9.03,163,894,GLY,B,-0.94,1.224,9.422,160,3.6478888415081947
303,SER,A,3.492,1.837,13.234,167,944,ALA,B,-0.116,0.887,12.645,164,3.777179503280192
315,LEU,A,2.201,-2.12,17.115,168,1002,LEU,B,-1.57,-2.475,17.468,168,3.80408661836189
315,LEU,A,2.201,-2.12,17.115,168,1003,LEU,B,-1.273,-1.504,18.57,168,3.8164324964552963
315,LEU,A,2.201,-2.12,17.115,168,1006,LEU,B,-1.012,-0.105,17.988,168,3.8917506343546737
367,THR,A,2.938,4.31,18.75,171,1008,LEU,B,0.412,1.927,18.448,168,3.4857666301690364
369,THR,A,1.659,4.959,19.284,171,1008,LEU,B,0.412,1.927,18.448,168,3.3833310509023495
382,VAL,A,3.506,-1.017,22.841,172,1076,VAL,B,-0.307,-0.43,22.541,172,3.8695656086956323
383,VAL,A,2.749,-0.403,20.543,172,1007,LEU,B,-0.465,0.842,19.086,168,3.7420141635221
383,VAL,A,2.749,-0.403,20.543,172,1008,LEU,B,0.412,1.927,18.448,168,3.908899333572047
383,VAL,A,2.749,-0.403,20.543,172,1076,VAL,B,-0.307,-0.43,22.541,172,3.651283199095902
586,ARG,A,4.146,0.629,38.074,183,1280,ARG,B,0.88,-1.563,37.725,183,3.9488505922609933
588,ARG,A,3.349,-0.244,37.522,183,1278,ARG,B,1.328,-3.131,39.373,183,3.9806294728346665
588,ARG,A,3.349,-0.244,37.522,183,1279,ARG,B,1.536,-2.616,38.168,183,3.0546143782808333
588,ARG,A,3.349,-0.244,37.522,183,1280,ARG,B,0.88,-1.563,37.725,183,2.806587073297389
588,ARG,A,3.349,-0.244,37.522,183,1281,ARG,B,2.428,-3.17,37.393,183,3.070237450100562
