atom1,res1,chain1,atom1_xcoord,atom1_ycoord,atom1_zcoord,atom1_resnum,atom2,res2,chain2,atom2_xcoord,atom2_ycoord,atom2_zcoord,atom2_resnum,distance
199,ALA,A,-5.644,-1.833,-6.025,550,793,VAL,B,-3.524,-4.219,-4.505,551,3.5352221995229667
211,VAL,A,-2.612,2.312,-5.289,551,780,ALA,B,-0.365,-0.598,-3.891,550,3.9333844205721866
211,VAL,A,-2.612,2.312,-5.289,551,781,ALA,B,-0.987,-0.388,-7.027,550,3.5987871568071372
263,GLY,A,-3.508,-1.686,2.865,554,850,LEU,B,0.199,-1.588,2.001,555,3.807617233914144
263,GLY,A,-3.508,-1.686,2.865,554,853,LEU,B,-0.021,-3.063,1.659,555,3.938239962216625
263,GLY,A,-3.508,-1.686,2.865,554,855,LEU,B,-0.925,-3.79,3.881,555,3.4829529138361894
268,LEU,A,-3.51,1.034,2.334,555,845,GLY,B,0.261,1.177,1.805,554,3.8106076943185845
271,LEU,A,-3.521,2.374,1.598,555,845,GLY,B,0.261,1.177,1.805,554,3.9723018515717055
273,LEU,A,-1.91,3.602,3.074,555,845,GLY,B,0.261,1.177,1.805,554,3.4934548802009733
273,LEU,A,-1.91,3.602,3.074,555,907,GLY,B,1.225,2.819,4.091,558,3.3875659403176197
325,GLY,A,-3.669,-2.756,5.644,558,855,LEU,B,-0.925,-3.79,3.881,555,3.4215290441555513
335,ALA,A,-2.977,1.165,8.392,559,959,LEU,B,-2.334,4.472,9.049,562,3.432396684534001
377,LEU,A,1.423,-3.492,9.303,562,917,ALA,B,1.712,-0.348,7.713,559,3.535018670389168
395,LEU,A,-0.697,0.054,14.51,563,977,LEU,B,1.622,2.151,13.858,563,3.193786780610127
