atom1,res1,chain1,atom1_xcoord,atom1_ycoord,atom1_zcoord,atom1_resnum,atom2,res2,chain2,atom2_xcoord,atom2_ycoord,atom2_zcoord,atom2_resnum,distance
308,SER,A,26.474,-50.03,-33.232,38,2902,SER,B,30.016,-49.322,-32.542,38,3.6773805894957325
308,SER,A,26.474,-50.03,-33.232,38,3393,LEU,B,26.264,-50.014,-36.34,99,3.115127605733034
309,SER,A,27.78,-50.569,-33.19,38,2898,SER,B,30.006,-47.429,-34.049,38,3.943673034114264
309,SER,A,27.78,-50.569,-33.19,38,2901,SER,B,30.026,-47.915,-32.612,38,3.524530607045427
309,SER,A,27.78,-50.569,-33.19,38,2902,SER,B,30.016,-49.322,-32.542,38,2.640948503852353
309,SER,A,27.78,-50.569,-33.19,38,3393,LEU,B,26.264,-50.014,-36.34,99,3.539601813763808
317,MET,A,20.451,-47.062,-35.27,39,2955,PHE,B,19.924,-43.171,-36.017,45,3.996951213112313
332,ALA,A,23.787,-43.953,-31.523,42,2925,ALA,B,26.227,-42.607,-34.293,42,3.9291495262970098
332,ALA,A,23.787,-43.953,-31.523,42,2928,ALA,B,27.005,-42.4,-32.989,42,3.8621870747026232
333,ALA,A,22.695,-43.187,-30.755,42,2956,PHE,B,20.814,-42.08,-34.061,45,3.9614701816371163
334,ALA,A,22.643,-41.955,-30.755,42,2956,PHE,B,20.814,-42.08,-34.061,45,3.780278032102931
335,ALA,A,23.26,-44.499,-32.846,42,2925,ALA,B,26.227,-42.607,-34.293,42,3.804807748099766
335,ALA,A,23.26,-44.499,-32.846,42,2953,PHE,B,22.304,-42.419,-36.043,45,3.9320662507134903
335,ALA,A,23.26,-44.499,-32.846,42,2954,PHE,B,20.989,-42.559,-35.364,45,3.906579706085622
335,ALA,A,23.26,-44.499,-32.846,42,2956,PHE,B,20.814,-42.08,-34.061,45,3.6483834776514428
363,PHE,A,26.058,-39.02,-31.633,45,2928,ALA,B,27.005,-42.4,-32.989,42,3.762970236395707
373,LEU,A,20.085,-37.278,-32.32,46,2965,LEU,B,23.354,-36.2,-34.171,46,3.908279160960739
373,LEU,A,20.085,-37.278,-32.32,46,2967,LEU,B,22.085,-35.471,-34.496,46,3.464134090938169
374,LEU,A,18.303,-38.947,-31.825,46,2958,PHE,B,19.581,-42.204,-33.411,45,3.8414488152258373
374,LEU,A,18.303,-38.947,-31.825,46,2989,MET,B,17.942,-39.697,-35.706,49,3.9692545899702667
799,LEU,A,31.296,-46.192,-28.391,99,2867,TRP,B,34.281,-48.23,-29.906,35,3.919042485097602
800,LEU,A,29.965,-48.054,-29.351,99,2901,SER,B,30.026,-47.915,-32.612,38,3.2645310536124508
800,LEU,A,29.965,-48.054,-29.351,99,2902,SER,B,30.016,-49.322,-32.542,38,3.4340800806038314
2001,ARG,A,-2.744,-25.519,-29.272,252,5185,ASN,B,-0.085,-23.356,-30.341,326,3.590488963915638
