atom1,res1,chain1,atom1_xcoord,atom1_ycoord,atom1_zcoord,atom1_resnum,atom2,res2,chain2,atom2_xcoord,atom2_ycoord,atom2_zcoord,atom2_resnum,distance
49,PRO,A,-43.011,-31.481,8.792,45,766,PRO,B,-45.883,-29.466,10.317,45,3.8254717356164067
49,PRO,A,-43.011,-31.481,8.792,45,769,PRO,B,-44.463,-28.983,10.624,45,3.4211886823149644
142,PRO,A,-38.076,-22.248,6.894,51,881,LEU,B,-40.156,-19.554,8.769,52,3.885828225745447
143,PRO,A,-37.36,-21.568,8.056,51,881,LEU,B,-40.156,-19.554,8.769,52,3.5188323347383306
144,PRO,A,-37.107,-20.364,8.024,51,881,LEU,B,-40.156,-19.554,8.769,52,3.2415314281987153
145,PRO,A,-39.459,-22.737,7.332,51,881,LEU,B,-40.156,-19.554,8.769,52,3.5612170672397934
158,LEU,A,-35.056,-19.811,10.004,52,927,ALA,B,-35.894,-18.33,13.246,55,3.661443567774876
161,LEU,A,-36.714,-21.846,13.308,52,862,PRO,B,-40.114,-21.582,14.972,51,3.794547667377495
161,LEU,A,-36.714,-21.846,13.308,52,863,PRO,B,-39.819,-20.49,13.949,51,3.4482810210306276
161,LEU,A,-36.714,-21.846,13.308,52,864,PRO,B,-38.893,-19.695,14.124,51,3.168706045060035
161,LEU,A,-36.714,-21.846,13.308,52,865,PRO,B,-39.838,-22.964,14.373,51,3.4847560890254585
161,LEU,A,-36.714,-21.846,13.308,52,927,ALA,B,-35.894,-18.33,13.246,55,3.610886317789583
207,ALA,A,-37.387,-17.154,9.203,55,878,LEU,B,-39.299,-17.415,12.38,52,3.7171486384055195
207,ALA,A,-37.387,-17.154,9.203,55,881,LEU,B,-40.156,-19.554,8.769,52,3.6899481026160763
263,GLY,A,-31.023,-10.234,9.979,60,1033,ILE,B,-28.301,-11.33,12.415,63,3.813737799062752
313,ILE,A,-34.778,-7.226,11.476,63,983,GLY,B,-32.809,-9.399,13.876,60,3.78931260257055
314,ILE,A,-33.091,-5.516,12.199,63,1052,LEU,B,-30.412,-5.233,14.789,64,3.7370081616180624
314,ILE,A,-33.091,-5.516,12.199,63,1053,LEU,B,-31.856,-5.042,15.227,64,3.3043433538299256
332,LEU,A,-28.444,-6.051,9.608,64,1034,ILE,B,-27.553,-8.991,11.902,63,3.8340470784798653
333,LEU,A,-27.533,-7.155,9.093,64,1034,ILE,B,-27.553,-8.991,11.902,63,3.3558571185317163
334,LEU,A,-27.664,-5.081,10.484,64,1107,VAL,B,-24.576,-6.067,12.578,67,3.859115960942351
