block,g_val
0,10.381725259495191
1,8.830913665246454
2,6.8702413180681905
3,5.817309152607969
4,5.701293870845766
5,5.670563256314336
6,5.6115653527630505
7,8.5863257971871
8,13.323692427092997
9,10.729951508244344
10,11.011462856951013
11,11.042494425498814
12,11.031858975156219
13,11.029580150267844
14,12.138269903958337
15,11.9984722884429
16,12.048698049632801
17,12.604554555265672
18,13.718861095923685
19,15.771627532812046
