block,g_val
0,2.908104760834808
1,3.6213637001239323
2,53.984885013615546
3,3.3065826220834493
4,2.907644005151638
5,2.9076440048784202
6,2.9076440048784202
7,2.9076440048784202
8,2.907644004878423
9,2.9076440049682652
10,2.9076440048784202
11,2.9076440048834225
12,2.907644005614987
13,2.9076440054973762
14,2.9076440049497956
15,2.9076440048784202
16,2.907644005998231
17,2.9076440052007904
18,5.455864721764534
19,11.143904737271388
