block,g_val
0,5.723098369725614
1,4.945015897881487
2,4.8795054141623995
3,5.7043858932130656
4,5.984045107717833
5,6.0219650986563185
6,6.029556525223025
7,6.045296060811873
8,6.570077223616563
9,14.300482451654652
10,16.733537478472737
11,14.810821519504003
12,14.583084058413244
13,14.404208470389605
14,14.509694824570364
15,14.562229243711815
16,14.560502130029988
17,14.479500496228624
18,14.39509175031637
19,15.275242728451659
