block,g_val
0,9.421174734286895
1,7.398316950251787
2,5.944779113225743
3,4.555182365496302
4,4.834801227114705
5,5.284199346485858
6,5.796831640086023
7,6.451080292003641
8,7.016303000084967
9,8.250755654407754
10,9.672988198082702
11,10.801551833771796
12,10.83772576183276
13,11.065027640250772
14,11.76429340032849
15,15.84869827125009
16,23.66201749859393
17,18.919691347922534
18,11.14146261103444
19,11.153287313414637
