block,g_val
0,98.39345154308056
1,2.6731218970962054
2,2.6550805330878093
3,2.655019445606498
4,2.655019445606498
5,2.655019445606498
6,2.655019445606498
7,2.6550194456784633
8,2.6550194462851704
9,15.00993921033636
10,72.64567730076341
11,30.76214904181746
12,24.60391221217328
13,2.655019445606498
14,2.655019445606498
15,2.655019445606498
16,2.655019483255834
17,29.31119055780044
18,31.184501446125022
19,63.73569523982627
