block,g_val
0,1.6986694429787326
1,5.586197735331667e-06
2,0.01636027214579872
3,0.0005104650935291432
4,0.0181927223181458
5,1.0633414149197052e-13
6,1.4254083656493323e-05
7,0.0490115386756269
8,0.07677290665844029
9,0.07583229933470968
10,0.048823681648514757
11,0.0005581666518914716
12,-0.0
13,6.367372517023e-05
14,0.010303578434392516
15,1.281399421088736e-07
16,6.308538300511901
17,0.024185198881093325
18,1.6542229991151463
19,9.330415284655135
