block,g_val
0,4.85348909377376
1,5.099646966220296
2,5.47808741704548
3,5.994747319308213
4,7.076679008860647
5,49.62079766061973
6,4.85348909377376
7,4.85348909377376
8,4.853489093786834
9,4.85348909644715
10,4.853489096136571
11,4.85348909377376
12,4.85348909377376
13,4.85348909377376
14,4.853489112712865
15,4.853489109556348
16,6.169951416861153
17,7.352454767235203
18,8.612780136298072
19,10.751500120853963
