block,g_val
0,7.356406289370516
1,4.9346743357566645
2,4.576109201957874
3,4.521348822780723
4,4.499078352955272
5,4.858759516154098
6,5.433467599363928
7,4.863127209117806
8,5.1367819155672745
9,5.666916705811712
10,5.264926661101419
11,5.383752630803665
12,5.566169641613537
13,5.625215779451035
14,5.373552254616792
15,5.238131641731895
16,5.655395809961383
17,7.538152795989753
18,12.169525380086988
19,16.061975674406835
