block,g_val
0,4.008929237792962
1,2.9243966542349455
2,2.924396654234928
3,4.008929237792918
4,81.9268158328506
5,32.55848394606553
6,5.361571375676669
7,2.6335578991398907
8,0.7245556471569744
9,0.2650315347124825
10,1.5081725734944487e-10
11,0.0002933612748647761
12,0.10177185935716393
13,1.6393123724430743
14,32.67643672652065
15,6.706097486647226
16,40.54805838632421
17,36.02719574472042
18,5.14376297039534
19,5.143766465005793
