block,g_val
0,0.0007520357199516583
1,1.7292577837335277
2,23.163643088017462
3,31.03799161605261
4,13.688390306042034
5,12.00823411062039
6,11.088208746462408
7,1.027765555647875e-07
8,-0.0
9,2.7023049824492774e-10
10,5.778906142950291e-10
11,2.0557934021780966e-12
12,0.00014017077785339325
13,9.24752583841837e-11
14,0.005164802959613434
15,0.015252291604511053
16,0.02509089419466603
17,1.7580023297916527
18,21.929662872404645
19,21.579306240628313
