block,g_val
0,1.8022536431871188
1,0.07341238909054719
2,3.828029093710939e-12
3,2.6421623423988197e-05
4,0.1747360662584133
5,78.51544808256457
6,102.39215533207722
7,125.47380190732362
8,1.2021884044872817
9,-0.0
10,-0.0
11,-0.0
12,-0.0
13,-0.0
14,-0.0
15,-0.0
16,-0.0
17,0.8162315594240246
18,3.4765084235854093
19,9.240984665175183
