block,g_val
0,8.696762941329842
1,6.458807264798579
2,6.165736106846543
3,6.115729277626835
4,6.206029354584198
5,6.562813278889714
6,7.035042601141068
7,7.611764709629911
8,8.1901121988418
9,8.907485848733911
10,10.136450852052251
11,15.426179277384161
12,15.375553657867751
13,12.936239318520276
14,12.847896575952857
15,12.829769913326867
16,12.864413565794566
17,12.962631513383423
18,13.369794714689506
19,14.329160513509894
