block,g_val
0,8.839456127038485
1,7.726519647276799
2,6.263467339286916
3,5.8831062877179106
4,5.830071516135146
5,5.848365720725739
6,5.834673019797121
7,9.498364708475552
8,9.183929851986585
9,10.58876693916179
10,9.980881638169095
11,10.353286467282606
12,10.403873136837847
13,10.32549040383768
14,11.46111813842616
15,11.086588423736119
16,11.419663178688168
17,11.773951683071505
18,12.921930859756463
19,14.820710680756752
