block,g_val
0,4.489786224251418
1,3.2983215810131647
2,2.9515032401428667
3,3.133593085577519
4,3.9918037048150907
5,12.414366702882338
6,4.545464875005016
7,3.1299661841201862
8,2.52529897001228
9,2.1959987811254056
10,2.1490184936490633
11,2.2607571892581757
12,2.33494795382414
13,2.3706998977840366
14,2.388718983265479
15,2.300930575001189
16,2.3892909251685297
17,2.71168883469726
18,3.3669938852361057
19,4.7691815682750445
