block,g_val
0,5.837818584238777
1,4.9351118072204745
2,4.722630094418742
3,4.605958297812429
4,4.651889786558156
5,4.831666247339088
6,5.512759959251106
7,6.289793518040861
8,5.371818197395698
9,5.273528293274936
10,5.915501893011558
11,6.083871766493814
12,6.2731671313859
13,6.177969562944175
14,5.984463029148407
15,5.985265306728176
16,5.983601136486803
17,7.218991861178223
18,12.390929899520325
19,14.393093564148792
