block,g_val
0,6.56190810732606
1,5.021862420744463
2,4.929957096678641
3,5.033072520608389
4,5.054203994754449
5,5.098225226665161
6,5.085443098880004
7,5.09563021109976
8,7.046323685799454
9,8.341820826366842
10,8.896000848283789
11,8.60514691859022
12,8.840675946080204
13,8.971758816875646
14,9.344670387565717
15,9.311768452490838
16,9.403289923385842
17,9.973038831192282
18,11.922232156885093
19,12.255408161580805
