block,g_val
0,-0.0
1,0.24615787244656703
2,0.6245983232717556
3,1.141258225534434
4,2.2231899150868277
5,44.767308566845934
6,-0.0
7,-0.0
8,1.3043654689681717e-11
9,2.6733820959634616e-09
10,2.362744623951585e-09
11,-0.0
12,-0.0
13,-0.0
14,1.8939103051707207e-08
15,1.5782538616804232e-08
16,1.3164623230873211
17,2.4989656734614267
18,3.7592910425242465
19,5.898011027080178
