block,g_val
0,1.894774529069494
1,1.8947745290596498
2,1.8947745290607805
3,1.8947745290596498
4,1.8947745295693874
5,23.617345873140792
6,36.04518657111628
7,36.04309562283726
8,2.0893237818356676
9,1.8949013880356942
10,1.8947748465778922
11,1.894777394954685
12,1.8947773610037055
13,1.8947773474853316
14,1.8947745409340067
15,8.359667318323105
16,26.554014398624982
17,44.60346306421054
18,45.97726460843483
19,48.54943854797569
