block,g_val
0,93.48022581995482
1,81.81453401413415
2,0.00020955514987845732
3,118.83942020031824
4,93.15276162242215
5,104.77315096844053
6,23.40690417313781
7,155.38368983096
8,160.75704019130055
9,-0.0
10,-0.0
11,-0.0
12,-0.0
13,-0.0
14,213.03339254134283
15,79.03516613260213
16,119.55041918687799
17,70.64063272699472
18,65.72220186870862
19,65.72220186870862
