block,g_val
0,4.499618719826668
1,4.499618704852252
2,49.117863371843605
3,4.703043000116428
4,3.649552676377644
5,3.7925025563342123
6,3.7925025563342123
7,3.6495526747848452
8,4.703043013930702
9,70.47466829543701
10,6.099449830546371
11,52.956871206092394
12,6.364269892669571
13,126.1763393928055
14,4.6058175402731205
15,3.474075742916728
16,3.7365086537815513
17,3.80472729695653
18,3.649552674784575
19,4.703043013932968
