block,g_val
0,9.599765046918856
1,8.89318785507105
2,8.640010874308524
3,8.661832376011747
4,8.421975210550285
5,6.219606156559629
6,10.388145528228993
7,12.461479992906018
8,10.697055840818809
9,10.136501984166301
10,9.380856838165784
11,9.264793068938076
12,9.358641219237064
13,9.404992004194787
14,10.554134144525689
15,10.706216964899301
16,10.635331444319226
17,11.52545211210151
18,12.566905841964715
19,14.947412643692635
