block,g_val
0,6.164173219443444
1,5.336628908785152
2,5.128110662165829
3,5.185287005237582
4,5.293987056160571
5,5.375579822657773
6,5.587430736033574
7,6.087171076449447
8,8.327686778528888
9,9.634309015713608
10,14.668839420914514
11,14.546860408182003
12,12.805926881673539
13,10.171973086081792
14,9.956787378822929
15,9.888369100227061
16,9.940925920404942
17,10.108723736330626
18,10.72470260517616
19,12.592536875628841
