block,g_val
0,7.986964847992241
1,100.05213023127358
2,36.02368688313577
3,78.12446962706136
4,6.614469280219595e-05
5,70.69697593166731
6,58.99917852405553
7,38.28066332886902
8,38.876508468914025
9,38.94271348438138
10,38.744098438110974
11,37.022768034484095
12,37.9496382515917
13,61.49561435048217
14,64.13830173638647
15,38.08204828202291
16,126.45145409208278
17,0.10350261610944386
18,38.94434014117531
19,38.94271348406994
