block,g_val
0,2.1705633855617637e-09
1,-0.0
2,-0.0
3,-0.0
4,-0.0
5,-0.0
6,-0.0
7,-0.0
8,-0.0
9,-0.0
10,107.67692919153004
11,138.42087473969633
12,1.7112707837441122e-10
13,-0.0
14,-0.0
15,-0.0
16,51.84535807618385
17,403.6318921782423
18,223.5710581801986
19,223.5710581801986
