block,g_val
0,7.059792685400815
1,5.782011962499614
2,5.143788718692342
3,5.157590569522822
4,5.304454764183807
5,5.437725952701316
6,5.519028020578422
7,5.549400267499977
8,5.667488331935695
9,6.300444553371172
10,7.557241763285138
11,12.067479134628288
12,12.298848011615416
13,11.429196945482799
14,10.726340337161552
15,10.416714921390694
16,10.445245034447808
17,10.483641793282807
18,10.543776050668464
19,12.356232674258349
