block,g_val
0,3.123290458020034
1,3.153882004904503
2,3.226157418458322
3,3.300665831249288
4,3.3332073882930784
5,3.717181037982501
6,3.878688057663779
7,4.823970813571914
8,4.837301720425135
9,4.8388930765825915
10,8.175527383340818
11,10.764353484872785
12,12.725983901299992
13,10.873055545825707
14,11.878028653706666
15,12.030696753978807
16,12.026901060729543
17,11.345643932806702
18,11.377181835139293
19,11.507149130596279
