block,g_val
0,4.665419270738042
1,3.300005682909781
2,2.675895684195814
3,2.3715663899200377
4,2.2724462252872257
5,2.354769745297822
6,2.354769745297822
7,2.354769745297822
8,2.354769745297822
9,2.354769745297822
10,2.354769745297822
11,2.354769745297822
12,2.27244999662637
13,2.371564820229311
14,2.6758761769675163
15,3.2999350785929464
16,4.665208621757648
17,27.086972853403857
18,6.614747504524842
19,6.6149711896960826
