block,g_val
0,8.325917083345335
1,6.958569899835464
2,6.472871731613109
3,6.472871103294216
4,6.958567382372223
5,8.325910142161462
6,39.435131937548974
7,22.48566693591078
8,12.87468428566515
9,72.09816139213608
10,3.9422843109294226
11,4.002931763810022
12,4.185211730537594
13,4.67889565995433
14,5.885043298236677
15,20.092726953537923
16,16.575579227115373
17,14.931082269989098
18,9.643174121677717
19,9.750519399828871
