block,g_val
0,4.331206314354144
1,3.196711382290303
2,2.7680021657006657
3,3.1941559074567225
4,4.467577182037516
5,15.97936465203718
6,4.584202223482026
7,2.9827057334534692
8,2.194777784016944
9,1.7211648992049307
10,1.4769979217501863
11,1.3250557259001843
12,1.4396780827238724
13,1.653067523585875
14,1.7061290128954787
15,1.8966998688978645
16,2.189597811438089
17,2.5953563212350814
18,3.3434897342126777
19,4.79457946815304
