block,g_val
0,7.920143585678494
1,5.118996893143649
2,5.06415514812921
3,5.080232720170368
4,5.487643348953488
5,5.545706582416835
6,5.714861942086978
7,6.511124860728305
8,14.452847117126588
9,15.005234378125643
10,16.93975470656923
11,19.42594186105184
12,19.932997920111617
13,20.293973178861584
14,19.5555203803939
15,19.41136572051471
16,19.30713809378436
17,19.339314860539996
18,19.49091514627533
19,20.363754344016165
