block,g_val
0,10.905789967091014
1,10.060162190115783
2,10.312670985584756
3,9.469466695563565
4,9.257463770526108
5,9.491657537816916
6,9.33946753242368
7,9.395771899571782
8,6.4110821898727774
9,10.62044401283389
10,13.15005782250831
11,11.5307847250011
12,10.001539375713099
13,9.04411907333235
14,9.138809833552182
15,9.628701398760882
16,9.807693048391437
17,9.942862246932416
18,11.067701498597554
19,13.193213168896747
