block,g_val
0,0.024277604111143724
1,2.1833943719684613e-11
2,7.182275449865472e-05
3,0.1853775684215577
4,67.0783356678113
5,133.713172428037
6,107.98614212596941
7,10.27110868555449
8,1.3541617474288614e-07
9,-0.0
10,-0.0
11,-0.0
12,-0.0
13,-0.0
14,-0.0
15,-0.0
16,-0.0
17,0.037607290508580075
18,6.320932084957605
19,18.081431938365135
