block,g_val
0,5.870591946005848
1,5.5847656353109985
2,5.7862508518139695
3,6.026763311492231
4,6.295672556047218
5,6.603286865293837
6,7.069518862996061
7,7.730135108083492
8,8.540321610771242
9,9.64447737078387
10,10.991748076765209
11,12.664944793410452
12,14.17641767446378
13,14.149471691650133
14,13.982497677822266
15,13.825302762932818
16,13.691123159066924
17,13.58583024537699
18,13.790237128233413
19,14.349292620313618
