block,g_val
0,5.378894503281761
1,22.44154781739015
2,29.825639834241006
3,28.01956324721631
4,70.17915043321058
5,26.262569961640718
6,10.795897377143516
7,7.605082362527295
8,6.250308297777582
9,5.377028644000691
10,5.376267201621711
11,5.376244380167721
12,5.37616731301793
13,5.376031270840958
14,5.375945870809021
15,5.375855873678138
16,5.376113100678659
17,5.67576051824949
18,6.685941679368069
19,8.413520148982679
