block,g_val
0,10.201714339882749
1,8.932783492968586
2,8.368234778322401
3,8.224807573727414
4,8.190764119898217
5,8.355789730396792
6,8.654734629495083
7,8.540405189635614
8,8.37100102776919
9,8.245865772518576
10,8.278366235048097
11,10.61937086439684
12,10.483950382952056
13,11.624747502390143
14,10.839787237704918
15,10.09860579525591
16,10.234302674240695
17,11.320600170208644
18,12.274455077515137
19,13.927141660807983
