block,g_val
0,28.350654740642018
1,1.958927075421002e-06
2,-0.0
3,-0.0
4,-0.0
5,6.971762577651931e-06
6,1.672689645164951e-05
7,2.703288637058563e-05
8,4.018612282366405e-05
9,4.787583576686814e-05
10,5.150018425823646e-05
11,0.09820421676381476
12,0.8349471065273572
13,2.0797346683057323
14,25.3593515761863
15,5.21666885735953
16,0.0025123980541932895
17,9.771650366303676e-08
18,1.6260623336164195
19,3.5059364140615097
