block,g_val
0,9.139204581424403
1,4.629087799084606
2,0.13890551254565547
3,1.051626380516666e-05
4,-0.0
5,0.010547944865408094
6,6.78631204171423
7,6.628131792055592
8,13.474632487712444
9,2.7242807050242846e-10
10,1.1356364735974012e-06
11,-0.0
12,1.8311032647147841e-06
13,9.233347952886107e-11
14,0.004495663837447413
15,0.02750514026229742
16,0.23539134037928047
17,0.6040078043588879
18,7.294993636067531
19,20.871576689327657
