block,g_val
0,77.04255196876846
1,18.335381203470124
2,7.8967495929670255
3,7.040794590444637
4,7.157824115416075
5,8.968457085851327
6,6.94332418889185
7,6.762307570644279
8,6.970124530600224
9,7.944006861764308
10,23.533910025607106
11,10.607132935200822
12,10.49262529669751
13,29.502993712366028
14,6.069171316910708
15,5.168773639887221
16,5.075745796336254
17,5.448146086626054
18,6.557220916923561
19,69.85992367052742
