block,g_val
0,5.665541440117331
1,5.546425024693048
2,3.4753388150735978
3,3.475338574244875
4,3.47536597862252
5,44.587042056071134
6,27.21811008971305
7,3.5340098018868953
8,3.4753386869760026
9,3.4753385741021066
10,3.4753385741021066
11,3.4753385741050336
12,3.4753385741098746
13,3.4753385741059044
14,3.4753385741141747
15,3.4753385741134633
16,3.4753385741021066
17,3.475407682579779
18,4.72211762290674
19,4.898692596882543
