block,g_val
0,8.934432364371078
1,5.890556209152461
2,5.700825547139156
3,5.611824056190376
4,5.6098929612426875
5,6.073887853238202
6,6.863318297391537
7,8.579447784702143
8,9.130928100152733
9,9.435287942220155
10,9.51351313144288
11,9.549596742045917
12,10.436884273242017
13,10.60958335299011
14,10.580012636705764
15,10.721484883061347
16,10.775412856119283
17,11.316980653575344
18,12.022369444406152
19,13.334092031721847
