block,g_val
0,7.066209058784924
1,5.787882721694631
2,5.646160707486203
3,5.8481109273779674
4,6.082753635894801
5,6.3617325900564765
6,6.704019156661323
7,7.1881201429722585
8,7.88769585192565
9,8.767952607754362
10,9.820558628163962
11,10.964243519455085
12,11.807707080200975
13,12.047508665427724
14,12.037750483623498
15,11.942513092574831
16,11.853368802228426
17,11.864423504326572
18,12.785115487480693
19,13.848607972822212
