block,g_val
0,0.011161316116046816
1,0.011161309466361494
2,0.011161303944051727
3,0.011161303946545372
4,0.011161303950269296
5,0.011161303944195252
6,0.011161303944051727
7,0.011161303975923418
8,0.011161304009297417
9,65.69104672658156
10,0.011161303944051727
11,0.011161303944051727
12,47.73211313216301
13,49.702405730928874
14,76.02618004515236
15,252.9573017991156
16,91.32014879442761
17,117.38356497412005
18,91.32014877447715
19,91.32014877448181
