block,g_val
0,4.311071938191834
1,2.9580344420258964
2,2.3438397016744377
3,2.044893773930718
4,1.9462713526472004
5,2.0446410403609105
6,2.0446410403609105
7,2.0446410403609105
8,2.0446410403609105
9,2.0446410403609105
10,1.946957032535165
11,2.044750348038317
12,2.3401446585387666
13,2.948577183624107
14,4.285650799032175
15,14.864272154280053
16,7.968976301330369
17,16.26875771649715
18,6.2187574059880335
19,6.233585829446024
