block,g_val
0,4.013367269753109
1,2.9161005699589717
2,2.194070261635151
3,1.6550764534376776
4,1.2291538473016523
5,0.868489753431204
6,0.550023181851253
7,0.004948575216899791
8,0.30708385918375514
9,0.41567660374763377
10,0.30444498487676547
11,1.4798993886131485e-07
12,0.4769117327083422
13,0.9995269336252297
14,1.6107105768598766
15,2.4009018991028133
16,3.8507667082688215
17,19.916775876871036
18,6.216460709175363
19,6.220391766948453
