block,g_val
0,48.56899525908487
1,48.36511605536723
2,48.568797456470854
3,57.97291338101451
4,23.838189087907246
5,4.8175310487094185
6,3.120569077507383
7,3.1205681115333626
8,3.120568111512667
9,3.120568454282933
10,3.125825342643144
11,9.711816396458898
12,20.14292853500294
13,5.178288064795803
14,3.3957390522026807
15,3.1205682209551675
16,3.2752356699117664
17,8.470274603442657
18,11.679769979997934
19,26.163907468347514
