block,g_val
0,32.87353129940297
1,25.92532950081256
2,3.837898851513944
3,2.5785317012988216
4,2.0011753724219195
5,1.8025033114647844
6,1.7330727282692517
7,1.7350974009916822
8,1.8159560424673726
9,1.538235531505104
10,1.7910878253448008
11,2.3162218650937003
12,3.431758286790419
13,22.19657139548291
14,26.181996504109286
15,41.34660314753799
16,98.50402455542533
17,83.03017415401115
18,4.970316417419864
19,4.970316417419885
