block,g_val
0,56.206165110664806
1,32.73935631127924
2,21.01347414319457
3,18.791828872146276
4,18.801142823327183
5,20.109364179605155
6,61.4424437759306
7,114.14599572156922
8,166.54194039637457
9,2.741494783348452
10,2.741494783348452
11,2.741494783348452
12,2.741494783348452
13,2.741494783348452
14,2.741494783348452
15,61.85742936490868
16,72.83721878191005
17,2.745499462109717
18,2.745499462109717
19,2.7454994622383233
