block,g_val
0,7.535373369585429
1,5.767726613274842
2,4.77431947952302
3,5.043409029034492
4,5.392878427925398
5,5.920718399678619
6,7.123985417088695
7,4.774223490860837
8,4.777012113465343
9,4.984647763926808
10,5.344756339795883
11,5.880578461620345
12,4.774195160044642
13,4.774184234552043
14,4.7942851300239395
15,5.174238223649909
16,5.985496926702864
17,7.6258786516405035
18,9.861575724300495
19,13.213469456439528
