block,g_val
0,10.879824964329297
1,9.47053691393797
2,8.798268319045599
3,8.441346194837031
4,8.269264174774277
5,8.225312376687556
6,8.291533965576713
7,8.291533965576713
8,8.291533965576713
9,8.291533965576713
10,8.291533965576713
11,8.291533965576713
12,8.291533965576713
13,8.291533965576713
14,8.225312376687556
15,8.269264174774277
16,8.441346194837031
17,8.798268319045599
18,9.47053691393797
19,10.879824964329297
