block,g_val
0,27.884832465914876
1,4.382063541574485
2,3.0429570243949997
3,2.3365847573486764
4,2.211701891010782
5,2.225682916211383
6,1.9861968688627485
7,1.868462922703048
8,1.850512883103346
9,2.3011751316785096
10,3.753182667115511
11,53.51378634573664
12,3.5841789334439
13,2.8459081664979333
14,2.8628958806188143
15,3.9221305800824737
16,30.31437499800545
17,24.23291480036192
18,6.070135477838051
19,6.070714514206427
