block,g_val
0,50.598534335884516
1,84.86768105373949
2,88.92371265971408
3,118.52940258727813
4,0.34870338181763605
5,0.07024255588781099
6,0.049545357836432
7,0.02492878026283446
8,0.00045150759936781317
9,6.671899910524958e-05
10,0.0002651266526092812
11,135.47039901643186
12,10.552280327890848
13,0.0011505688033725762
14,4.788114297475943e-07
15,5.3344167468727255
16,9.045754279318752
17,9.805800656103886
18,11.525565490407324
19,20.97989328516197
