block,g_val
0,10.745671589919924
1,9.563275031996875
2,9.208053461610731
3,9.329265435050168
4,6.812675346214349
5,5.814971027230414
6,11.039464260925836
7,10.334480074320146
8,10.05585357972829
9,10.258039194699652
10,9.824000493788542
11,9.48345293849218
12,9.608805222089897
13,9.718639345907084
14,10.232813009258226
15,10.359821143350004
16,10.353989739532917
17,11.071174365405957
18,11.894903369161334
19,13.39773209995739
