block,g_val
0,8.815306417078228
1,7.798359708823451
2,6.5232166946461945
3,6.286558960348173
4,5.778140056603609
5,6.15495727528086
6,6.551555774124516
7,7.058429270270333
8,7.613592674110421
9,8.109434976857152
10,8.60405237682253
11,9.110554889055901
12,9.514925793914218
13,9.876201892174555
14,9.94621628001137
15,10.120184360625139
16,10.267687995671439
17,10.740030970661504
18,11.373726788664735
19,13.007092780575572
