block,g_val
0,84.8042347094104
1,3.8373653556575436
2,1.8926450857513046
3,0.7817634153077444
4,0.010739429570794361
5,3.881322347638161e-07
6,4.108042332973128e-11
7,6.189374107561843
8,4.623560915577599
9,1.1170765226495407e-06
10,0.006349087955197036
11,1.2192981557745953e-11
12,0.0009264101950859811
13,0.15197954347117149
14,2.2685574213340946e-06
15,-0.0
16,0.09473382433798873
17,0.7367467973196924
18,1.8141228335449942
19,3.763011819191372
