block,g_val
0,5.440992514802893
1,3.712144817050268
2,2.806368262005645
3,119.54782916881062
4,88.60891786346721
5,84.32159150157443
6,2.806368262005645
7,2.806368262005645
8,2.806368262005645
9,2.806368262005645
10,2.806368262005645
11,2.806368262005645
12,2.806368262005645
13,2.806368262005645
14,2.806368262005645
15,2.806368262005645
16,2.806368262005645
17,2.806368262005646
18,3.8721697608892978
19,5.772017592449793
