block,g_val
0,3.404638300898104
1,4.341590504459011
2,4.274352669254924
3,4.362573094480767
4,4.436313494167307
5,4.493236375985957
6,4.575425619489465
7,5.514016033680254
8,5.856975445991131
9,9.773078833006956
10,9.648573815598379
11,9.772780971424602
12,10.675472343597427
13,12.294900049483816
14,12.79264237609501
15,13.304051561747189
16,13.615913996802316
17,12.748685217957899
18,12.79174710785896
19,12.811816797724813
