block,g_val
0,6.048158639020471
1,5.568467386004203
2,5.367577133852541
3,4.86195767353713
4,4.819381985954873
5,4.80202879277133
6,4.801644163768641
7,6.044096094375638
8,6.094819510491195
9,5.8881700522807225
10,5.770542327993702
11,5.9032115358220585
12,5.902651998237189
13,5.944488685160162
14,6.578709867569494
15,5.987379623470885
16,9.400491412254512
17,12.634784551259282
18,12.327672456177293
19,13.82933437166419
