block,g_val
0,10.822643752739674
1,9.322420890937398
2,8.550347697201673
3,8.08650858984475
4,7.82266835904875
5,7.652697239997707
6,7.691142716639457
7,7.760307556776564
8,7.830635778577224
9,7.772066465020849
10,7.645786566522708
11,7.616045038081034
12,7.479965975555431
13,7.438331711358353
14,7.41230498919249
15,7.6048931704420095
16,7.87024432491964
17,8.424099966470248
18,9.248544069542127
19,10.755663106140474
