block,g_val
0,4.42593521948131
1,3.7004265047750855
2,4.419862209538238
3,18.611821717247135
4,15.801214299738051
5,4.032296023862033
6,2.972698062689728
7,2.72489623509182
8,2.953029937946206
9,2.9837342490970253
10,2.825937488175252
11,3.163882050478529
12,4.447037895209043
13,59.66413030467569
14,44.23899909132989
15,4.3133185907411296
16,3.293679804499705
17,2.8778011427198704
18,3.462389743118187
19,4.673014137678861
