block,g_val
0,4.795786969094256
1,3.753958261989002
2,3.893103295610477
3,3.893103295610477
4,3.753958261990079
5,4.795786969084877
6,67.33091475649537
7,4.6544577825081985
8,3.4839719415784
9,4.654457774519975
10,50.46172446958583
11,4.618637654908644
12,3.484947658536847
13,3.467527585484829
14,4.455200467725478
15,31.60594025920709
16,6.347802494585231
17,18.845318900045612
18,4.596103107894396
19,4.5987025782024995
