block,g_val
0,4.5403432537482455
1,2.841679396967246
2,2.85803408291529
3,2.8421842758630396
4,2.8598665330876547
5,2.8416738107695934
6,2.8416880648531637
7,2.8906853494451106
8,2.918446717427937
9,2.9175061101042186
10,2.890497492418022
11,2.8422319774213816
12,2.8416738107695103
13,2.8417374844946712
14,2.8519773892039
15,2.841673938909455
16,9.150212111281384
17,2.8658590096505883
18,4.495896809884625
19,12.172089095424626
