block,g_val
0,4.359925714413364
1,4.359925714413364
2,4.359925714415445
3,4.359926184305802
4,4.359929505551789
5,4.680733471719279
6,4.920091750412716
7,5.048974085508674
8,5.048974085508674
9,5.048974085508674
10,5.032588218754965
11,4.9737953627484774
12,4.830417875076618
13,4.662674046123678
14,4.497828404225661
15,4.4188710676631
16,4.4199621005670044
17,4.359925714435685
18,5.605531559217396
19,7.527788950946989
