block,g_val
0,8.216871245809582
1,25.328481216798423
2,6.359544533991557
3,5.4365025890134335
4,5.492123503241336
5,5.491552102626287
6,5.491552102626287
7,5.491552102626287
8,5.491552102626287
9,5.491552102626287
10,5.491552102626287
11,5.491552102626287
12,5.4811008907270455
13,6.490823109352502
14,26.463206816123915
15,1.4827924719526149
16,0.0953421856243641
17,16.785841500074284
18,6.478317314330212
19,6.475960563640137
