block,g_val
0,53.46467032731647
1,29.9978615279309
2,18.271979359846185
3,16.05033408879795
4,16.05964803997884
5,17.367869396256758
6,58.70094899258214
7,111.40450093822082
8,163.80044561302626
9,-0.0
10,-0.0
11,-0.0
12,-0.0
13,-0.0
14,-0.0
15,59.11593458156031
16,70.09572399856162
17,0.004004678761339801
18,0.004004678761339801
19,0.004004678889933223
