block,g_val
0,81.35275664206283
1,4.467222737674928
2,4.477648070387975
3,4.612823670298735
4,4.718027303972301
5,4.732711371148345
6,4.718414233359022
7,4.757634516605737
8,4.859537314961335
9,4.988294279330451
10,5.053330800087926
11,5.061143040496057
12,5.016913602154326
13,4.920787249622183
14,4.81156384349366
15,4.704241780595284
16,4.592057636289183
17,4.481606449602784
18,5.784264580608341
19,7.774357094399934
