block,g_val
0,7.7511438247367535
1,6.4161460283157385
2,6.999715448066471
3,8.298704760278337
4,7.909837953226649
5,8.537220157054389
6,8.269862747505472
7,8.25741264853768
8,8.257408964027194
9,8.257409190282745
10,8.257419175693332
11,8.689698188063344
12,8.586504834018545
13,8.583474834041269
14,8.755559700476264
15,8.706533948149104
16,8.734308970950377
17,9.083476472422722
18,9.693606427203186
19,11.213906841391593
