block,g_val
0,4.819735906575771
1,3.573235684444191
2,3.160006593682144
3,3.2659564116794533
4,3.160968715564343
5,3.5698306198602117
6,4.79737053954324
7,14.606301172236043
8,4.797370539543244
9,3.569830619860214
10,3.160968715564343
11,3.2659564116794533
12,3.2659564116794533
13,3.265956411679451
14,3.1604411206146352
15,3.5716962346778387
16,4.809603329802438
17,16.49417577092335
18,5.68313680607627
19,5.693924767057737
