block,g_val
0,22.15382771632493
1,11.934097464708566
2,36.556330606036255
3,6.348313629320749
4,6.254576845894986
5,6.666572268012133
6,7.3296067308639525
7,8.326799020766547
8,9.768407159547012
9,12.024593887387745
10,14.459037772214126
11,14.459223156201233
12,14.459379088032238
13,15.491109927736922
14,36.397196964279715
15,18.08107119506231
16,17.665953428537588
17,17.66741676308611
18,17.666857393471396
19,18.7595332071398
