block,g_val
0,61.482889293303906
1,66.94249138675393
2,8.939272805045489
3,21.862543703926356
4,118.46753193788147
5,17.910671809708045
6,75.90287414008131
7,10.5531488583463
8,33.86814165215022
9,7.54401995387291
10,6.53325706255636
11,6.712296699739665
12,6.666651480575371
13,5.940270529610857
14,6.759894397359105
15,32.76792023437829
16,63.432416985936925
17,7.017302184398119
18,6.187708558224035
19,7.6131473243528225
