block,g_val
0,5.740016065314885
1,8.161790960382584
2,9.250962443713009
3,15.285753699820496
4,16.901598999402037
5,15.44367202506391
6,14.395745943697015
7,11.178897228432978
8,9.957590422738319
9,9.870473333139628
10,9.849211260869767
11,9.85382806475955
12,9.867739740445472
13,9.870018915985758
14,9.87043452472217
15,9.878793219929419
16,9.899980515720772
17,10.101366910427984
18,10.876118703822332
19,13.040307546198537
