block,g_val
0,18.646958243855163
1,15.322863197517444
2,2.1411726288533828e-08
3,2.835577106452547e-13
4,4.962259936291958e-13
5,4.3491649233260433e-07
6,3.735872837751231e-11
7,-0.0
8,-0.0
9,-0.0
10,-0.0
11,-0.0
12,0.7418270942473337
13,36.83314893774551
14,36.865615709580496
15,38.81493659706871
16,6.380048489518231e-13
17,0.000321621852628482
18,0.004347878143893621
19,3.3944098217024767
