block,g_val
0,4.210687607915001
1,3.057353280659826
2,3.4851390458240408
3,4.610518729271702
4,31.69787546731418
5,3.0688209569126497
6,3.060333489437246
7,3.0573527407181564
8,3.0573568358105647
9,3.0573653108709467
10,3.0573679915987735
11,3.0573527408931986
12,3.0573527414288004
13,3.0573527407616665
14,3.0573542988064597
15,3.057354929967226
16,3.057354622154204
17,3.0573527634763447
18,3.9399430566794
19,6.100806225626795
