block,g_val
0,43.63261011956132
1,3.242973614072753e-06
2,-0.0
3,-0.0
4,53.01659572971949
5,5.047469028340857e-08
6,2.8577796751960706e-08
7,1.222353490106798e-08
8,1.1909423847100699e-11
9,1.020807758322917e-11
10,9.995409300245229e-12
11,1.3256322972665658e-11
12,2.544930453041161e-11
13,-0.0
14,-0.0
15,1.3707888626868227e-09
16,6.30484898465511e-08
17,33.765352925223475
18,45.60536405093248
19,47.72373755470397
