block,g_val
0,9.989644634929341
1,9.222038511975198
2,9.046399724889207
3,9.254532510641104
4,6.883835917313635
5,5.913912596706705
6,11.949240049600828
7,10.845731991879083
8,10.301002123556273
9,10.330956252475303
10,9.696260430609527
11,9.271757920544108
12,9.37149740286027
13,9.419783717996943
14,9.589881229428132
15,9.764834372639227
16,9.826765659107219
17,10.57233435493535
18,11.426675858258662
19,12.973122985903963
