block,g_val
0,56.64119896162226
1,60.761330537369055
2,19.74632943391883
3,15.782447846613918
4,3.7353706381782996
5,2.24777307975039
6,1.6937560664600477
7,1.4944175344133428
8,1.3439658729322277
9,1.2290853045420072
10,1.1923896365882511
11,1.0615235129561746
12,0.9958269102524825
13,0.9564809255150742
14,1.3248544577996442
15,2.088969988023838
16,3.557353170100426
17,31.383519154368795
18,5.954394015285708
19,5.954424159905296
