block,g_val
0,3.320230824143654
1,2.1716157080151692
2,2.150613105066217
3,3.1141920246612917
4,13.241776109923418
5,7.586897711888867
6,23.13996167228575
7,31.003073230540952
8,49.792322760751446
9,4.444926255347995
10,3.1098881641205254
11,2.557450836120349
12,2.3687354154511535
13,2.475865844686324
14,2.475865844686324
15,2.475865844686324
16,2.368735414236233
17,2.5574508387190957
18,3.109888172103213
19,4.444926277900416
