block,g_val
0,25.119846695996397
1,7.584934824649281e-07
2,35.214604052123136
3,32.957470055609264
4,-0.0
5,3.817427579804189e-08
6,1.0942814600696239e-07
7,1.7662621939109614e-07
8,2.2358521939906951e-07
9,2.6097460745404536e-07
10,2.604600565433657e-07
11,2.2903849495605756e-07
12,2.4334153577285633e-07
13,2.2887247191647477e-07
14,1.665221011535323e-07
15,0.00011018214970752639
16,39.92880040038253
17,54.873176346492926
18,40.164905317768
19,40.16697632277552
