block,g_val
0,7.083050681853265
1,5.811981873498331
2,4.973704234767121
3,4.66557030160215
4,4.705379603708587
5,4.809901495461902
6,4.6556535111421375
7,4.697224127384732
8,5.315190052312928
9,7.3070712207589965
10,5.430632045626087
11,5.346173527022665
12,5.3523554749722475
13,5.329386837585248
14,5.423643951513909
15,5.315535943779963
16,5.814009166263776
17,7.762853570029154
18,10.360509716632933
19,15.781602780975145
