block,g_val
0,24.619503540409998
1,36.868008789654404
2,25.722727843078125
3,25.316239658354817
4,31.378048180230415
5,18.797525615975157
6,18.561745300869266
7,2.7914640246841365
8,2.7919285476824065
9,2.7899943143430725
10,2.7899943635919096
11,2.7906839911874264
12,2.7899943138292342
13,4.808334188812046
14,2.793728727875526
15,4.2606134227604535
16,2.7912382002624923
17,2.789994586960146
18,2.789994313834104
19,73.6792119123355
