block,g_val
0,4.697920282841351
1,3.328756167877807
2,2.699263177557006
3,2.391410292239297
4,2.2746299094113094
5,2.32245081278933
6,2.3215343310500214
7,2.306984749561734
8,2.2786037510316692
9,2.3232742239127706
10,2.354777835446112
11,2.3730297945139216
12,2.3048073075942956
13,2.407970696451071
14,2.7063954524262277
15,3.328786527315984
16,4.692329720692681
17,33.8138920665698
18,6.6261343095362415
19,6.626149450703529
