block,g_val
0,4.8358601002451564
1,3.471198815927523
2,3.471198728724398
3,4.835859647073722
4,41.587406346054024
5,4.8358596470737245
6,3.5896856020369037
7,3.1774244048598934
8,3.2824646494537517
9,3.2824646494537517
10,3.2824646494537517
11,3.2824646494537517
12,3.291372959840002
13,3.261801471521966
14,3.090846443037957
15,3.418034360003601
16,4.717147247669918
17,32.043393960896594
18,5.712013685013559
19,5.712034664072915
