block,g_val
0,51.188566058954954
1,50.8401867635837
2,38.07723204719854
3,23.492371311781692
4,21.73282170127508
5,20.77585633376832
6,20.587174414504343
7,21.54678254642883
8,22.967139109580952
9,53.40763775686093
10,31.647507461856893
11,0.022916321846177368
12,2.618425067169028e-09
13,27.161429842255053
14,19.175086525067357
15,17.497473562918998
16,0.000973690583284396
17,0.00198308260823396
18,0.0031351642386912393
19,11.698448726055666
