block,g_val
0,0.0009579261343662393
1,0.0009579261343662393
2,0.0009579261343662393
3,0.0009579261343667934
4,60.99098449659687
5,105.08302814983037
6,43.75259989378731
7,43.75259989383955
8,43.75259989383955
9,43.75259989383955
10,43.75259989383955
11,43.75259989383955
12,103.53032117505235
13,169.72422456309062
14,213.46306522340856
15,215.73242884147106
16,215.44210626633662
17,215.44210627606236
18,215.50017079375112
19,216.2288089042661
