block,g_val
0,4.474271545498689
1,3.062395240908437
2,2.3499956220661598
3,1.9606948627315397
4,1.7135840582567468
5,1.72098095118214
6,1.815807332217118
7,1.7906288217317832
8,1.8683668143236256
9,1.9101512617248757
10,1.9576299761559828
11,1.8942092800827
12,1.9414109946737597
13,2.134420028964751
14,2.485532827535933
15,3.1521322388134556
16,4.547316608560387
17,36.685461354788885
18,6.828418013130117
19,6.828423204334828
