block,g_val
0,11.125099947117226
1,9.67999332429176
2,8.926311358416221
3,8.448199013039774
4,8.131018248438002
5,7.9495499141980295
6,7.849107572373574
7,7.8150495862976035
8,7.9815480643154375
9,8.120717637241862
10,8.17352381873845
11,7.951440459407157
12,7.7185882764464795
13,7.466428937374642
14,7.205964415746406
15,6.945688344038429
16,6.703881946066711
17,6.4670741240932195
18,7.473481379235405
19,9.175185963379427
