block,g_val
0,3.4819905833511147
1,3.4577129792617867
2,3.457784801994453
3,3.6430905476615396
4,70.53604864705117
5,137.17088540727687
6,111.44385510520928
7,13.72882166479445
8,3.4577131146561264
9,3.4577129792399455
10,3.4577129792399455
11,3.4577129792399455
12,3.4577129792399455
13,3.4577129792399455
14,3.4577129792399455
15,3.4577129792399455
16,3.4577129792399455
17,3.4953202697485444
18,9.778645064197464
19,21.53914491760494
