block,g_val
0,40.669440300777836
1,46.701034694253465
2,46.70144809497839
3,52.68045675315265
4,52.705813456657935
5,2.5329809093224755e-05
6,59.88137523953063
7,74.173822654613
8,45.313484263892384
9,45.828560588253026
10,2.862603700748423e-09
11,4.785036367138673e-13
12,1.1109737936010334e-08
13,2.6049932928629007e-08
14,54.50625161611063
15,58.41036232650654
16,28.71080512901633
17,46.65046260699981
18,46.70031737289161
19,46.70141501467496
