block,g_val
0,10.311393511024585
1,8.978844098928617
2,8.341336569489641
3,7.994369717633947
4,5.663166762968816
5,7.167007582351669
6,14.075600910413396
7,11.648158111755556
8,10.73113076658964
9,10.573907284227703
10,9.854623473788212
11,9.384870594425497
12,9.469551554302571
13,9.512431808843077
14,9.71007033601098
15,9.86260383183527
16,9.959457310996532
17,10.733037188314142
18,11.62112033841286
19,13.20963178168854
