block,g_val
0,11.356779125051217
1,10.511466851707015
2,9.236419625037264
3,8.592025257205435
4,8.269662283257471
5,5.639329244156527
6,7.312234989402839
7,13.69680374945517
8,11.496952112907826
9,10.51423413234664
10,10.194613649528533
11,9.271932707127313
12,9.219086296376167
13,9.340422018388484
14,9.532397346766937
15,9.710710729988904
16,9.785962468635761
17,10.671751011359891
18,11.697146971562617
19,13.594605748261358
