block,g_val
0,9.328495078601115
1,7.577987868245982
2,6.667421541208014
3,5.8559305841234215
4,5.0741551189775205
5,5.026489333616863
6,5.019535457902964
7,5.014884681379364
8,5.07122461142135
9,6.864153194249896
10,8.796902872271533
11,6.3590204960263295
12,6.257874824573079
13,6.223762497564912
14,6.1533413619131485
15,6.314958524145338
16,6.507786048420008
17,7.5594706943138545
18,10.328292880820971
19,14.545278353279954
