block,g_val
0,9.675336859937586
1,7.87188474874848
2,5.6428076579395885
3,4.587399187346874
4,4.476861784392674
5,4.4554107081743455
6,4.530278491146757
7,7.486601418441219
8,5.917792845358171
9,4.821168035917269
10,4.99215485783119
11,5.037883033142701
12,5.11767133346768
13,5.1980174547489275
14,4.985817883836649
15,4.970187213753934
16,5.17414644241048
17,5.929608752777016
18,12.548427190367853
19,18.10006652994104
