block,g_val
0,8.478186188665317
1,7.3528348710534175
2,6.951999983455695
3,6.921493499867951
4,7.278872464972445
5,8.279575461512911
6,44.38758589938269
7,9.59115934702294
8,36.838178266804775
9,4.162948331005146
10,3.471194363774225
11,3.122297795310633
12,27.924685257131824
13,10.251905759051711
14,29.316415897830453
15,9.72310464354483
16,94.70660803202229
17,29.975206538122475
18,9.275620422938427
19,9.27580433448905
