block,g_val
0,4.5297169923347536
1,3.186300468088633
2,2.5616895876844996
3,2.338432425359311
4,2.467535938361693
5,2.408096155652254
6,2.4704753083577344
7,2.3718131613563473
8,2.6650340973961204
9,3.248324595972406
10,4.391576257722845
11,8.440077281521914
12,4.4285337679863765
13,3.2099180474886837
14,2.9111205165947935
15,3.1954811099572287
16,4.362002795708051
17,8.155300835283558
18,5.683700637574965
19,6.008915398535788
