atom1,res1,chain1,atom1_xcoord,atom1_ycoord,atom1_zcoord,atom1_resnum,atom2,res2,chain2,atom2_xcoord,atom2_ycoord,atom2_zcoord,atom2_resnum,distance,intr_type,mean_coord_x,mean_coord_y,mean_coord_z,atom1_chg,atom2_chg,intene,section
971,GLU,A,2.94,7.962,-0.947,58,1349,LYS,B,3.292,10.95,-11.748,13,11.212209817872656,elec,3.1159999999999997,9.456,-6.347499999999999,-0.5,1.0,-2.1360457476697827,13
971,GLU,A,2.94,7.962,-0.947,58,2088,GLU,B,-1.209,6.537,0.098,58,4.5096397860583055,elec,0.8654999999999999,7.249499999999999,-0.4245,-0.5,-0.5,2.6553997924057944,10
971,GLU,A,2.94,7.962,-0.947,58,2089,GLU,B,-2.101,7.025,1.975,58,5.901502689993457,elec,0.4195,7.4935,0.514,-0.5,-0.5,2.029126678537092,10
971,GLU,A,2.94,7.962,-0.947,58,2102,ASP,B,-5.076,10.395,-5.686,59,9.624648876712332,elec,-1.0679999999999998,9.1785,-3.3165,-0.5,-0.5,1.2441904847768974,12
971,GLU,A,2.94,7.962,-0.947,58,2103,ASP,B,-3.596,10.016,-7.17,59,9.255481673041118,elec,-0.32800000000000007,8.989,-4.0584999999999996,-0.5,-0.5,1.293816678023791,12
972,GLU,A,4.801,6.96,-1.232,58,1349,LYS,B,3.292,10.95,-11.748,13,11.34827903252295,elec,4.0465,8.955,-6.489999999999999,-0.5,1.0,-2.110433928775521,13
972,GLU,A,4.801,6.96,-1.232,58,2088,GLU,B,-1.209,6.537,0.098,58,6.169921312302127,elec,1.796,6.7485,-0.567,-0.5,-0.5,1.9408507735499876,11
972,GLU,A,4.801,6.96,-1.232,58,2089,GLU,B,-2.101,7.025,1.975,58,7.610957758390201,elec,1.35,6.9925,0.37150000000000005,-0.5,-0.5,1.5733757737024885,10
972,GLU,A,4.801,6.96,-1.232,58,2102,ASP,B,-5.076,10.395,-5.686,59,11.36628655278407,elec,-0.13749999999999973,8.6775,-3.459,-0.5,-0.5,1.0535451922766277,12
972,GLU,A,4.801,6.96,-1.232,58,2103,ASP,B,-3.596,10.016,-7.17,59,10.728867088374242,elec,0.6025,8.488,-4.201,-0.5,-0.5,1.116138027723364,12
985,ASP,A,4.558,9.779,7.84,59,2088,GLU,B,-1.209,6.537,0.098,58,10.183683861943084,elec,1.6744999999999999,8.158,3.969,-0.5,-0.5,1.1758904453500274,8
985,ASP,A,4.558,9.779,7.84,59,2089,GLU,B,-2.101,7.025,1.975,58,9.291125981279125,elec,1.2285,8.402000000000001,4.9075,-0.5,-0.5,1.2888531030418269,8
986,ASP,A,3.015,8.969,9.065,59,2088,GLU,B,-1.209,6.537,0.098,58,10.206071183369238,elec,0.903,7.753,4.5815,-0.5,-0.5,1.1733110945999667,8
986,ASP,A,3.015,8.969,9.065,59,2089,GLU,B,-2.101,7.025,1.975,58,8.956600471160918,elec,0.4570000000000001,7.997,5.52,-0.5,-0.5,1.3369912602757863,8
