atom1,res1,chain1,atom1_xcoord,atom1_ycoord,atom1_zcoord,atom1_resnum,atom2,res2,chain2,atom2_xcoord,atom2_ycoord,atom2_zcoord,atom2_resnum,distance,intr_type,mean_coord_x,mean_coord_y,mean_coord_z,atom1_chg,atom2_chg,intene,section
21,LYS,A,5.054,-1.549,25.164,3,1499,ASP,B,0.457,-8.246,28.62,52,8.827579169851722,elec,2.7555,-4.8975,26.892000000000003,1.0,-0.5,-2.713064662760828,17
21,LYS,A,5.054,-1.549,25.164,3,1500,ASP,B,1.982,-6.703,28.853,52,7.04340975664486,elec,3.5180000000000002,-4.126,27.0085,1.0,-0.5,-3.4003123389000156,17
63,LYS,A,-8.18,-14.355,24.16,9,1184,ASP,B,-3.567,-20.844,30.111,11,9.93988385244013,elec,-5.8735,-17.5995,27.1355,1.0,-0.5,-2.4094640801631573,19
63,LYS,A,-8.18,-14.355,24.16,9,1185,ASP,B,-5.605,-20.227,29.687,11,8.465148433429858,elec,-6.8925,-17.291,26.9235,1.0,-0.5,-2.8292230540066785,19
63,LYS,A,-8.18,-14.355,24.16,9,1499,ASP,B,0.457,-8.246,28.62,52,11.480820963676772,elec,-3.8615,-11.3005,26.39,1.0,-0.5,-2.0860697313564125,18
74,ASP,A,-19.742,-13.913,25.469,11,1173,LYS,B,-14.759,-15.019,35.054,9,10.859362320136484,elec,-17.250500000000002,-14.466000000000001,30.2615,-0.5,1.0,-2.2054511487325774,0
389,ASP,A,-18.476,-5.337,35.541,52,1131,LYS,B,-19.83,-0.949,45.15,3,10.649917417520196,elec,-19.153,-3.143,40.3455,-0.5,1.0,-2.248824302059698,1
389,ASP,A,-18.476,-5.337,35.541,52,1173,LYS,B,-14.759,-15.019,35.054,9,10.382407331635568,elec,-16.6175,-10.178,35.2975,-0.5,1.0,-2.306766854587991,0
390,ASP,A,-19.02,-3.712,36.901,52,1131,LYS,B,-19.83,-0.949,45.15,3,8.73706300767025,elec,-19.424999999999997,-2.3305000000000002,41.0255,-0.5,1.0,-2.7411720714870436,1
