atom1,res1,chain1,atom1_xcoord,atom1_ycoord,atom1_zcoord,atom1_chg,atom1_resnum,atom2,res2,chain2,atom2_xcoord,atom2_ycoord,atom2_zcoord,atom2_chg,atom2_resnum,distance,intene
7,ASP,A,15.343,7.172,16.55,-0.5,-3,685,ASP,B,7.123,3.395,10.308,-0.5,6,10.990754887631693,1.0895426814767688
7,ASP,A,15.343,7.172,16.55,-0.5,-3,686,ASP,B,6.949,2.803,12.371,-0.5,6,10.344633294612235,1.1575950747293273
8,ASP,A,13.744,6.97,17.978,-0.5,-3,685,ASP,B,7.123,3.395,10.308,-0.5,6,10.744634288797362,1.1145001523420373
8,ASP,A,13.744,6.97,17.978,-0.5,-3,686,ASP,B,6.949,2.803,12.371,-0.5,6,9.745479105718713,1.2287642733436457
140,ASP,A,8.625,4.388,8.705,-0.5,6,685,ASP,B,7.123,3.395,10.308,-0.5,6,2.410738890879723,4.967313796208878
140,ASP,A,8.625,4.388,8.705,-0.5,6,686,ASP,B,6.949,2.803,12.371,-0.5,6,4.3313689521905205,2.7646909519605862
141,ASP,A,9.929,6.082,8.441,-0.5,6,685,ASP,B,7.123,3.395,10.308,-0.5,6,4.310370517716545,2.7781594418634663
141,ASP,A,9.929,6.082,8.441,-0.5,6,686,ASP,B,6.949,2.803,12.371,-0.5,6,5.922595799140779,2.0219000178032402
442,LYS,A,-6.3,4.163,-13.383,1.0,24,948,ARG,B,-13.806,-0.229,-6.009,0.5,22,11.40199877214517,2.1004907632473255
442,LYS,A,-6.3,4.163,-13.383,1.0,24,949,ARG,B,-11.914,-0.232,-7.245,0.5,22,9.407872501261908,2.5457182907438223
