atom1,res1,chain1,atom1_xcoord,atom1_ycoord,atom1_zcoord,atom1_chg,atom1_resnum,atom2,res2,chain2,atom2_xcoord,atom2_ycoord,atom2_zcoord,atom2_chg,atom2_resnum,distance,intene
261,GLU,A,23.729,-60.966,-33.788,-0.5,33,3400,HIS,B,26.527,-53.836,-42.824,0.5,100,11.845463266584387,-1.0109268233944786
261,GLU,A,23.729,-60.966,-33.788,-0.5,33,3403,HIS,B,25.655,-55.796,-42.873,0.5,100,10.628998118355279,-1.1266251455106215
262,GLU,A,22.428,-60.914,-35.582,-0.5,33,3400,HIS,B,26.527,-53.836,-42.824,0.5,100,10.924580037694813,-1.096142507117459
262,GLU,A,22.428,-60.914,-35.582,-0.5,33,3403,HIS,B,25.655,-55.796,-42.873,0.5,100,9.474499142434917,-1.2639081361135283
807,HIS,A,33.467,-49.937,-23.077,0.5,100,2854,GLU,B,40.805,-51.256,-32.014,-0.5,33,11.638555494562032,-1.0288988661281253
807,HIS,A,33.467,-49.937,-23.077,0.5,100,2855,GLU,B,41.801,-50.081,-30.436,-0.5,33,11.118955571455443,-1.0769803399939888
810,HIS,A,35.556,-50.282,-22.744,0.5,100,2854,GLU,B,40.805,-51.256,-32.014,-0.5,33,10.697363086293748,-1.1194250821557379
810,HIS,A,35.556,-50.282,-22.744,0.5,100,2855,GLU,B,41.801,-50.081,-30.436,-0.5,33,9.909959132105442,-1.2083699228313554
1948,LYS,A,-5.58,-15.634,-32.466,1.0,245,5177,LYS,B,-8.503,-24.398,-37.657,1.0,325,10.597080069528584,4.52007401025775
1971,LYS,A,-12.227,-21.096,-28.781,1.0,248,5177,LYS,B,-8.503,-24.398,-37.657,1.0,325,10.176185729437133,4.707027513102003
2004,ARG,A,-4.534,-23.658,-28.079,0.5,252,5177,LYS,B,-8.503,-24.398,-37.657,1.0,325,10.394163987546085,2.3041577112064098
2005,ARG,A,-5.896,-23.669,-29.941,0.5,252,5177,LYS,B,-8.503,-24.398,-37.657,1.0,325,8.177074415706388,2.9288950895990276
2507,ARG,A,7.21,-20.245,-27.967,0.5,314,5101,ARG,B,11.92,-15.932,-36.42,0.5,314,10.594304035659919,1.130314602206734
2508,ARG,A,7.972,-18.245,-28.782,0.5,314,5100,ARG,B,13.666,-16.114,-37.88,0.5,314,10.942412942308477,1.094356118240027
2508,ARG,A,7.972,-18.245,-28.782,0.5,314,5101,ARG,B,11.92,-15.932,-36.42,0.5,314,8.903691200844738,1.3449361934955717
2584,LYS,A,24.817,-4.918,-28.051,1.0,325,4541,LYS,B,15.072,-2.489,-33.615,1.0,245,11.481426827707438,4.171919302860805
2584,LYS,A,24.817,-4.918,-28.051,1.0,325,4564,LYS,B,24.671,0.015,-36.6,1.0,248,9.871231230196162,4.852442931371256
2584,LYS,A,24.817,-4.918,-28.051,1.0,325,4597,ARG,B,24.921,-6.514,-35.609,0.5,252,7.725373518477928,3.1001469438550746
2584,LYS,A,24.817,-4.918,-28.051,1.0,325,4598,ARG,B,22.646,-6.276,-35.623,0.5,252,7.993283993453503,2.9962394834292323
