atom1,res1,chain1,atom1_xcoord,atom1_ycoord,atom1_zcoord,atom1_resnum,atom2,res2,chain2,atom2_xcoord,atom2_ycoord,atom2_zcoord,atom2_resnum,distance,intr_type,mean_coord_x,mean_coord_y,mean_coord_z,atom1_chg,atom2_chg,intene,section
21,LYS,A,5.179,-1.057,24.451,3,1498,ASP,B,-0.336,-8.46,29.119,52,10.34455692622937,elec,2.4215,-4.758500000000001,26.785,1.0,-0.5,-2.3152072412808566,2
21,LYS,A,5.179,-1.057,24.451,3,1499,ASP,B,1.34,-7.021,28.987,52,8.419175315908321,elec,3.2595,-4.039,26.719,1.0,-0.5,-2.844672097300827,2
63,LYS,A,-8.506,-14.276,25.289,9,1172,LYS,B,-14.725,-16.249,30.892,9,8.600133661752006,elec,-11.6155,-15.2625,28.0905,1.0,1.0,5.5696327627934235,11
63,LYS,A,-8.506,-14.276,25.289,9,1183,ASP,B,-4.068,-21.047,30.773,11,9.77837108111571,elec,-6.287,-17.6615,28.031,1.0,-0.5,-2.4492620401470395,7
63,LYS,A,-8.506,-14.276,25.289,9,1184,ASP,B,-6.13,-20.379,30.297,11,8.244516298728508,elec,-7.318,-17.3275,27.793,1.0,-0.5,-2.904936109731735,8
63,LYS,A,-8.506,-14.276,25.289,9,1498,ASP,B,-0.336,-8.46,29.119,52,10.73515980318877,elec,-4.421,-11.368,27.204,1.0,-0.5,-2.2309675442683425,3
74,ASP,A,-19.573,-14.157,26.033,11,1172,LYS,B,-14.725,-16.249,30.892,9,7.175614886544566,elec,-17.149,-15.203,28.4625,-0.5,1.0,-3.337664225592429,15
75,ASP,A,-21.455,-13.347,25.145,11,1172,LYS,B,-14.725,-16.249,30.892,9,9.313566073207404,elec,-18.09,-14.797999999999998,28.0185,-0.5,1.0,-2.5714954846721185,15
389,ASP,A,-18.689,-5.199,35.882,52,1130,LYS,B,-20.392,-0.779,43.951,3,9.3565682811595,elec,-19.5405,-2.989,39.9165,-0.5,1.0,-2.5596770507915676,18
390,ASP,A,-19.504,-3.532,36.968,52,1130,LYS,B,-20.392,-0.779,43.951,3,7.5584285403779505,elec,-19.948,-2.1555,40.459500000000006,-0.5,1.0,-3.1686206961547447,18
