atom1,res1,chain1,atom1_xcoord,atom1_ycoord,atom1_zcoord,atom1_chg,atom1_resnum,atom2,res2,chain2,atom2_xcoord,atom2_ycoord,atom2_zcoord,atom2_chg,atom2_resnum,distance,intene
530,ARG,A,7.831,-1.666,32.031,0.5,180,1280,ARG,B,0.88,-1.563,37.725,0.5,183,8.986025038914594,1.332613307871504
530,ARG,A,7.831,-1.666,32.031,0.5,180,1281,ARG,B,2.428,-3.17,37.393,0.5,183,7.759218324032391,1.5433122321915669
531,ARG,A,8.918,-0.064,30.868,0.5,180,1280,ARG,B,0.88,-1.563,37.725,0.5,183,10.671218018576887,1.1221677348244365
531,ARG,A,8.918,-0.064,30.868,0.5,180,1281,ARG,B,2.428,-3.17,37.393,0.5,183,9.713030474573836,1.2328692453988765
564,LYS,A,-1.083,9.567,39.466,1.0,182,1223,ARG,B,-6.879,1.129,34.713,0.5,180,11.286472832554908,2.1219909407274744
564,LYS,A,-1.083,9.567,39.466,1.0,182,1224,ARG,B,-8.723,1.388,35.992,0.5,180,11.718972523220629,2.043676871499853
564,LYS,A,-1.083,9.567,39.466,1.0,182,1280,ARG,B,0.88,-1.563,37.725,0.5,183,11.43509291610698,2.0944117620341873
587,ARG,A,5.351,0.251,38.442,0.5,183,1280,ARG,B,0.88,-1.563,37.725,0.5,183,4.877963304495022,2.454896809225547
587,ARG,A,5.351,0.251,38.442,0.5,183,1281,ARG,B,2.428,-3.17,37.393,0.5,183,4.62034316907305,2.591776435975552
588,ARG,A,3.349,-0.244,37.522,0.5,183,1223,ARG,B,-6.879,1.129,34.713,0.5,180,10.695213602355027,1.1196500600125772
588,ARG,A,3.349,-0.244,37.522,0.5,183,1280,ARG,B,0.88,-1.563,37.725,0.5,183,2.806587073297389,4.266711218638633
588,ARG,A,3.349,-0.244,37.522,0.5,183,1281,ARG,B,2.428,-3.17,37.393,0.5,183,3.070237450100562,3.9003160981349883
681,HIS,A,6.387,-4.285,46.484,0.5,188,1280,ARG,B,0.88,-1.563,37.725,0.5,183,10.698430445630798,1.1193133995290536
681,HIS,A,6.387,-4.285,46.484,0.5,188,1281,ARG,B,2.428,-3.17,37.393,0.5,183,9.97813544706625,1.2001136500151408
681,HIS,A,6.387,-4.285,46.484,0.5,188,1377,HIS,B,-4.901,-4.791,49.765,0.5,188,11.766050356852974,1.017749898099792
684,HIS,A,8.226,-4.454,45.253,0.5,188,1280,ARG,B,0.88,-1.563,37.725,0.5,183,10.90836289275343,1.0977721102108933
684,HIS,A,8.226,-4.454,45.253,0.5,188,1281,ARG,B,2.428,-3.17,37.393,0.5,183,9.851145111102568,1.2155842205824408
