atom1,res1,chain1,atom1_xcoord,atom1_ycoord,atom1_zcoord,atom1_chg,atom1_resnum,atom2,res2,chain2,atom2_xcoord,atom2_ycoord,atom2_zcoord,atom2_chg,atom2_resnum,distance,intene
499,GLU,A,84.836,68.408,49.486,-0.5,33,6769,HIS,B,76.31,69.168,55.116,0.5,100,10.245348993567763,-1.1688129471472586
499,GLU,A,84.836,68.408,49.486,-0.5,33,6772,HIS,B,76.593,68.009,56.895,0.5,100,11.090515362236328,-1.0797421184320402
500,GLU,A,85.149,67.636,51.514,-0.5,33,6769,HIS,B,76.31,69.168,55.116,0.5,100,9.666920347246066,-1.2387498936137995
500,GLU,A,85.149,67.636,51.514,-0.5,33,6772,HIS,B,76.593,68.009,56.895,0.5,100,10.114317871216029,-1.183954934400773
1613,HIS,A,79.753,87.016,55.12,0.5,100,5655,GLU,B,71.108,87.745,49.49,-0.5,33,10.34235785495744,-1.157849759180801
1613,HIS,A,79.753,87.016,55.12,0.5,100,5656,GLU,B,70.792,88.515,51.518,-0.5,33,9.773480751503014,-1.2252437853200435
1616,HIS,A,79.478,88.175,56.9,0.5,100,5655,GLU,B,71.108,87.745,49.49,-0.5,33,11.187041610720852,-1.0704256735979476
1616,HIS,A,79.478,88.175,56.9,0.5,100,5656,GLU,B,70.792,88.515,51.518,-0.5,33,10.223899451774741,-1.1712650939310094
3856,LYS,A,93.857,71.784,101.933,1.0,245,10298,LYS,B,84.021,69.636,104.965,1.0,325,10.514457855733694,4.555592581578153
3924,GLU,A,94.067,72.604,99.828,-0.5,249,10298,LYS,B,84.021,69.636,104.965,1.0,325,11.667043712954875,-2.0527730668271054
4925,LYS,A,88.518,70.128,99.741,1.0,311,10298,LYS,B,84.021,69.636,104.965,1.0,325,6.910517274415862,6.931403873951744
4985,ARG,A,84.183,73.755,99.392,0.5,314,10298,LYS,B,84.021,69.636,104.965,1.0,325,6.931863674366373,3.4550294449692096
4986,ARG,A,83.525,75.621,100.537,0.5,314,10298,LYS,B,84.021,69.636,104.965,1.0,325,7.461462658219229,3.2097986950408717
5142,LYS,A,72.081,86.585,104.975,1.0,325,9012,LYS,B,62.152,84.304,101.944,1.0,245,10.6289681060769,4.506513306734914
5142,LYS,A,72.081,86.585,104.975,1.0,325,9080,GLU,B,61.946,83.483,99.838,-0.5,249,11.778344450728211,-2.0333751660631343
5142,LYS,A,72.081,86.585,104.975,1.0,325,10081,LYS,B,67.48,85.993,99.747,1.0,311,6.989395467420621,6.853180139851708
5142,LYS,A,72.081,86.585,104.975,1.0,325,10141,ARG,B,71.836,82.393,99.394,0.5,314,6.9843002512778485,3.4290898503492055
5142,LYS,A,72.081,86.585,104.975,1.0,325,10142,ARG,B,72.507,80.53,100.538,0.5,314,7.518741251033972,3.185346097680209
