atom1,res1,chain1,atom1_xcoord,atom1_ycoord,atom1_zcoord,atom1_chg,atom1_resnum,atom2,res2,chain2,atom2_xcoord,atom2_ycoord,atom2_zcoord,atom2_chg,atom2_resnum,distance,intene
8,GLU,A,1.779,-15.279,7.91,-0.5,70,506,GLU,B,12.028,-16.778,10.264,-0.5,72,10.622161644411179,1.1273502468327337
8,GLU,A,1.779,-15.279,7.91,-0.5,70,507,GLU,B,9.849,-16.623,10.498,-0.5,72,8.580733068916665,1.3955563534661957
9,GLU,A,2.728,-16.715,6.542,-0.5,70,506,GLU,B,12.028,-16.778,10.264,-0.5,72,10.01734760303345,1.1954158951315519
9,GLU,A,2.728,-16.715,6.542,-0.5,70,507,GLU,B,9.849,-16.623,10.498,-0.5,72,8.14659689686436,1.4699262407758629
37,GLU,A,6.86,-9.916,1.12,-0.5,72,507,GLU,B,9.849,-16.623,10.498,-0.5,72,11.91070333775466,1.0053895401597317
