atom1,res1,chain1,atom1_xcoord,atom1_ycoord,atom1_zcoord,atom1_chg,atom1_resnum,atom2,res2,chain2,atom2_xcoord,atom2_ycoord,atom2_zcoord,atom2_chg,atom2_resnum,distance,intene
1232,GLU,A,-46.196,-8.086,167.008,-0.5,329,4399,GLU,B,-52.816,-3.093,160.588,-0.5,356,10.486698670220303,1.141912905891914
1232,GLU,A,-46.196,-8.086,167.008,-0.5,329,4400,GLU,B,-52.261,-4.645,162.037,-0.5,356,8.56361763508858,1.3983455429698517
1232,GLU,A,-46.196,-8.086,167.008,-0.5,329,4422,ARG,B,-47.762,-4.965,161.147,0.5,359,6.8223396280162,-1.7552477895630942
1232,GLU,A,-46.196,-8.086,167.008,-0.5,329,4423,ARG,B,-47.761,-6.727,162.616,0.5,359,4.856518300181723,-2.465736935712989
1233,GLU,A,-45.291,-7.011,168.697,-0.5,329,4399,GLU,B,-52.816,-3.093,160.588,-0.5,356,11.735937542437767,1.0203613054706777
1233,GLU,A,-45.291,-7.011,168.697,-0.5,329,4400,GLU,B,-52.261,-4.645,162.037,-0.5,356,9.926452337063832,1.2063621669759832
1233,GLU,A,-45.291,-7.011,168.697,-0.5,329,4422,ARG,B,-47.762,-4.965,161.147,0.5,359,8.203319876732845,-1.4597622342740348
1233,GLU,A,-45.291,-7.011,168.697,-0.5,329,4423,ARG,B,-47.761,-6.727,162.616,0.5,359,6.569635986871715,-1.8227640885513146
1641,LYS,A,-19.629,-7.672,163.99,1.0,382,4256,GLU,B,-20.414,-13.774,161.707,-0.5,329,6.562218984459453,-3.649648565548606
1641,LYS,A,-19.629,-7.672,163.99,1.0,382,4257,GLU,B,-20.542,-11.957,162.936,-0.5,329,4.5061857485017205,-5.314870367119561
1641,LYS,A,-19.629,-7.672,163.99,1.0,382,5136,HIS,B,-12.737,-10.804,159.311,0.5,448,8.899557798003226,2.6911216991951936
1641,LYS,A,-19.629,-7.672,163.99,1.0,382,5139,HIS,B,-11.921,-10.131,161.174,0.5,448,8.566784752752929,2.7956571566423483
1685,ASP,A,-24.562,-19.966,167.594,-0.5,388,4256,GLU,B,-20.414,-13.774,161.707,-0.5,329,9.497554264125055,1.2608400245689253
1685,ASP,A,-24.562,-19.966,167.594,-0.5,388,4257,GLU,B,-20.542,-11.957,162.936,-0.5,329,10.09957647626869,1.185683041250487
1686,ASP,A,-24.647,-21.317,169.323,-0.5,388,4256,GLU,B,-20.414,-13.774,161.707,-0.5,329,11.524694963425288,1.0390640784617386
2474,LYS,A,-21.973,-15.895,174.04,1.0,489,4257,GLU,B,-20.542,-11.957,162.936,-0.5,329,11.868210522231212,-2.0179784524875224
