atom1,res1,chain1,atom1_xcoord,atom1_ycoord,atom1_zcoord,atom1_chg,atom1_resnum,atom2,res2,chain2,atom2_xcoord,atom2_ycoord,atom2_zcoord,atom2_chg,atom2_resnum,distance,intene
152,GLU,A,5.877,0.49,13.168,-0.5,547,734,GLU,B,2.2,9.737,11.635,-0.5,547,10.068635806304645,1.189326616047216
152,GLU,A,5.877,0.49,13.168,-0.5,547,735,GLU,B,1.127,7.819,11.588,-0.5,547,8.875423426518871,1.3492197471891145
153,GLU,A,6.706,2.094,11.915,-0.5,547,734,GLU,B,2.2,9.737,11.635,-0.5,547,8.876817278732284,1.349007890521128
153,GLU,A,6.706,2.094,11.915,-0.5,547,735,GLU,B,1.127,7.819,11.588,-0.5,547,8.000487172666425,1.4967709207304574
498,ARG,A,2.523,6.134,-18.133,0.5,569,1115,ARG,B,0.01,-2.987,-19.689,0.5,571,9.587958385391543,1.2489516610720164
498,ARG,A,2.523,6.134,-18.133,0.5,569,1116,ARG,B,-1.447,-3.913,-18.178,0.5,571,10.803015042107459,1.108477263527726
499,ARG,A,4.254,6.152,-19.639,0.5,569,1115,ARG,B,0.01,-2.987,-19.689,0.5,571,10.076475425464997,1.1884013056253282
499,ARG,A,4.254,6.152,-19.639,0.5,569,1116,ARG,B,-1.447,-3.913,-18.178,0.5,571,11.659337331083615,1.0270649361691635
533,ARG,A,-3.068,-2.84,-20.824,0.5,571,1080,ARG,B,-4.436,-12.614,-15.186,0.5,569,11.366157838073518,1.0535571230245906
533,ARG,A,-3.068,-2.84,-20.824,0.5,571,1081,ARG,B,-6.273,-11.722,-14.14,0.5,569,11.568829024581529,1.0351001407558011
533,ARG,A,-3.068,-2.84,-20.824,0.5,571,1115,ARG,B,0.01,-2.987,-19.689,0.5,571,3.283887635105684,3.6465609918284416
533,ARG,A,-3.068,-2.84,-20.824,0.5,571,1116,ARG,B,-1.447,-3.913,-18.178,0.5,571,3.2833345854481544,3.647175223870655
534,ARG,A,-4.29,-2.638,-18.892,0.5,571,1080,ARG,B,-4.436,-12.614,-15.186,0.5,569,10.643135252358679,1.1251286644196616
534,ARG,A,-4.29,-2.638,-18.892,0.5,571,1081,ARG,B,-6.273,-11.722,-14.14,0.5,569,10.441879572184309,1.14681427504906
534,ARG,A,-4.29,-2.638,-18.892,0.5,571,1115,ARG,B,0.01,-2.987,-19.689,0.5,571,4.387141438340004,2.729544219175019
534,ARG,A,-4.29,-2.638,-18.892,0.5,571,1116,ARG,B,-1.447,-3.913,-18.178,0.5,571,3.1965716009499925,3.746168722817066
