atom1,res1,chain1,atom1_xcoord,atom1_ycoord,atom1_zcoord,atom1_chg,atom1_resnum,atom2,res2,chain2,atom2_xcoord,atom2_ycoord,atom2_zcoord,atom2_chg,atom2_resnum,distance,intene
555,GLU,A,133.83,116.088,106.733,-0.5,363,5923,HIS,B,130.432,104.884,105.38,0.5,695,11.785865644915525,-1.0160387800526272
2746,HIS,A,127.416,113.311,112.858,0.5,695,3732,GLU,B,130.78,102.106,114.242,-0.5,363,11.78066114443499,-1.0164876491147443
2746,HIS,A,127.416,113.311,112.858,0.5,695,5923,HIS,B,130.432,104.884,105.38,0.5,695,11.663235786007252,1.0267216380972761
