atom1,res1,chain1,atom1_xcoord,atom1_ycoord,atom1_zcoord,atom1_chg,atom1_resnum,atom2,res2,chain2,atom2_xcoord,atom2_ycoord,atom2_zcoord,atom2_chg,atom2_resnum,distance,intene
76,ARG,A,3.809,-0.339,-15.624,0.5,541,734,GLU,B,-5.82,-5.137,-12.39,-0.5,547,11.233752756759426,-1.0659747291054418
76,ARG,A,3.809,-0.339,-15.624,0.5,541,735,GLU,B,-5.364,-4.268,-14.356,-0.5,547,10.059264088391357,-1.190434652724096
77,ARG,A,5.913,-1.1,-15.112,0.5,541,735,GLU,B,-5.364,-4.268,-14.356,-0.5,547,11.737908203764418,-1.0201899984090619
152,GLU,A,-3.382,1.7,-13.398,-0.5,547,734,GLU,B,-5.82,-5.137,-12.39,-0.5,547,7.3283338488363094,1.6340544520396914
152,GLU,A,-3.382,1.7,-13.398,-0.5,547,735,GLU,B,-5.364,-4.268,-14.356,-0.5,547,6.361062175454662,1.8825309706815156
153,GLU,A,-4.482,0.581,-14.936,-0.5,547,734,GLU,B,-5.82,-5.137,-12.39,-0.5,547,6.400615907863867,1.8708975392526912
153,GLU,A,-4.482,0.581,-14.936,-0.5,547,735,GLU,B,-5.364,-4.268,-14.356,-0.5,547,4.9625724176076265,2.413042177326459
