atom1,res1,chain1,atom1_xcoord,atom1_ycoord,atom1_zcoord,atom1_chg,atom1_resnum,atom2,res2,chain2,atom2_xcoord,atom2_ycoord,atom2_zcoord,atom2_chg,atom2_resnum,distance,intene
159,GLU,A,-0.083,5.615,-6.355,-0.5,70,716,HIS,B,-0.406,-5.424,-2.314,0.5,66,11.759826997026785,-1.0182884964848316
160,GLU,A,-0.428,4.224,-4.689,-0.5,70,716,HIS,B,-0.406,-5.424,-2.314,0.5,66,9.936046145222956,-1.2051973568461554
188,GLU,A,9.207,3.35,-8.087,-0.5,72,779,GLU,B,12.027,-1.589,-3.526,-0.5,70,7.290325232799973,1.6425737082136973
188,GLU,A,9.207,3.35,-8.087,-0.5,72,780,GLU,B,11.604,-1.744,-1.375,-0.5,70,8.760444566344791,1.3669279522329705
188,GLU,A,9.207,3.35,-8.087,-0.5,72,808,GLU,B,13.392,-2.456,-11.431,-0.5,72,7.899759300130605,1.5158558757006886
188,GLU,A,9.207,3.35,-8.087,-0.5,72,809,GLU,B,13.312,-0.49,-12.411,-0.5,72,7.091798149975786,1.6885557510918474
189,GLU,A,9.976,1.781,-9.421,-0.5,72,779,GLU,B,12.027,-1.589,-3.526,-0.5,70,7.09327329235241,1.6882045930240464
189,GLU,A,9.976,1.781,-9.421,-0.5,72,780,GLU,B,11.604,-1.744,-1.375,-0.5,70,8.933875139042406,1.3403921999527395
189,GLU,A,9.976,1.781,-9.421,-0.5,72,808,GLU,B,13.392,-2.456,-11.431,-0.5,72,5.801838070818591,2.0639832421304685
189,GLU,A,9.976,1.781,-9.421,-0.5,72,809,GLU,B,13.312,-0.49,-12.411,-0.5,72,5.022592657184135,2.384206199679697
