atom1,res1,chain1,atom1_xcoord,atom1_ycoord,atom1_zcoord,atom1_chg,atom1_resnum,atom2,res2,chain2,atom2_xcoord,atom2_ycoord,atom2_zcoord,atom2_chg,atom2_resnum,distance,intene
199,ASP,A,47.609,0.185,3.708,-0.5,16,690,ASP,B,50.049,-3.637,3.463,-0.5,16,4.541069147238345,2.6370214069536204
199,ASP,A,47.609,0.185,3.708,-0.5,16,691,ASP,B,49.488,-2.396,5.134,-0.5,16,3.4965237021933646,3.424800622461761
200,ASP,A,46.678,1.904,4.61,-0.5,16,690,ASP,B,50.049,-3.637,3.463,-0.5,16,6.586496109465186,1.8180981743108449
200,ASP,A,46.678,1.904,4.61,-0.5,16,691,ASP,B,49.488,-2.396,5.134,-0.5,16,5.163397718557037,2.319189263435365
