atom1,res1,chain1,atom1_xcoord,atom1_ycoord,atom1_zcoord,atom1_chg,atom1_resnum,atom2,res2,chain2,atom2_xcoord,atom2_ycoord,atom2_zcoord,atom2_chg,atom2_resnum,distance,intene
8,GLU,A,-7.832,-30.702,-30.541,-0.5,1,641,LYS,B,-10.001,-37.08,-23.073,1.0,102,10.057557804954438,-2.381273224365701
24,LYS,A,-17.156,-27.758,-25.636,1.0,2,625,GLU,B,-20.709,-37.151,-25.247,-0.5,101,10.050053681448675,-2.3830512614730637
24,LYS,A,-17.156,-27.758,-25.636,1.0,2,709,GLU,B,-11.394,-32.292,-18.779,-0.5,106,10.038737420612215,-2.385737578340573
24,LYS,A,-17.156,-27.758,-25.636,1.0,2,710,GLU,B,-12.469,-34.203,-18.622,-0.5,106,10.616128767116573,-2.255981782891772
92,GLU,A,-13.714,-28.3,-20.001,-0.5,6,641,LYS,B,-10.001,-37.08,-23.073,1.0,102,10.015585504602313,-2.391252422780773
92,GLU,A,-13.714,-28.3,-20.001,-0.5,6,709,GLU,B,-11.394,-32.292,-18.779,-0.5,106,4.776164570028969,2.5072202551118346
92,GLU,A,-13.714,-28.3,-20.001,-0.5,6,710,GLU,B,-12.469,-34.203,-18.622,-0.5,106,6.188463056365452,1.9350356369028916
93,GLU,A,-12.927,-27.012,-21.599,-0.5,6,641,LYS,B,-10.001,-37.08,-23.073,1.0,102,10.58767094313003,-2.2620454708208
93,GLU,A,-12.927,-27.012,-21.599,-0.5,6,709,GLU,B,-11.394,-32.292,-18.779,-0.5,106,6.179068619136707,1.9379775965972652
93,GLU,A,-12.927,-27.012,-21.599,-0.5,6,710,GLU,B,-12.469,-34.203,-18.622,-0.5,106,7.796330803653731,1.5359656809472644
