atom1,res1,chain1,atom1_xcoord,atom1_ycoord,atom1_zcoord,atom1_chg,atom1_resnum,atom2,res2,chain2,atom2_xcoord,atom2_ycoord,atom2_zcoord,atom2_chg,atom2_resnum,distance,intene
2821,ARG,A,158.232,132.586,141.882,0.5,479,5018,HIS,B,164.328,140.541,148.043,0.5,387,11.764402322260143,1.0178924711768575
2821,ARG,A,158.232,132.586,141.882,0.5,479,5021,HIS,B,164.075,140.638,145.918,0.5,387,10.736137527062503,1.1153821867071938
