atom1,res1,chain1,atom1_xcoord,atom1_ycoord,atom1_zcoord,atom1_chg,atom1_resnum,atom2,res2,chain2,atom2_xcoord,atom2_ycoord,atom2_zcoord,atom2_chg,atom2_resnum,distance,intene
84,ARG,A,-5.327,-11.822,-23.045,0.5,47,798,ARG,B,-10.51,-12.216,-21.077,0.5,147,5.558034634652792,2.154519958739373
84,ARG,A,-5.327,-11.822,-23.045,0.5,47,799,ARG,B,-9.144,-11.147,-22.581,0.5,147,3.903896771176205,3.06742141342949
85,ARG,A,-6.907,-13.23,-22.157,0.5,47,798,ARG,B,-10.51,-12.216,-21.077,0.5,147,3.895664898319669,3.073903137020156
85,ARG,A,-6.907,-13.23,-22.157,0.5,47,799,ARG,B,-9.144,-11.147,-22.581,0.5,147,3.085908942272925,3.880508717442593
