atom1,res1,chain1,atom1_xcoord,atom1_ycoord,atom1_zcoord,atom1_chg,atom1_resnum,atom2,res2,chain2,atom2_xcoord,atom2_ycoord,atom2_zcoord,atom2_chg,atom2_resnum,distance,intene
199,ASP,A,47.276,-2.292,3.346,-0.5,16,690,ASP,B,50.017,1.329,3.347,-0.5,16,4.541445034347547,2.6368031455090652
199,ASP,A,47.276,-2.292,3.346,-0.5,16,691,ASP,B,47.879,1.146,3.14,-0.5,16,3.4965538748888156,3.4247710689442528
200,ASP,A,45.439,-3.404,3.199,-0.5,16,690,ASP,B,50.017,1.329,3.347,-0.5,16,6.586446462243508,1.8181118787451873
200,ASP,A,45.439,-3.404,3.199,-0.5,16,691,ASP,B,47.879,1.146,3.14,-0.5,16,5.16329168263812,2.319236891456365
