atom1,res1,chain1,atom1_xcoord,atom1_ycoord,atom1_zcoord,atom1_chg,atom1_resnum,atom2,res2,chain2,atom2_xcoord,atom2_ycoord,atom2_zcoord,atom2_chg,atom2_resnum,distance,intene
199,ASP,A,89.47,2.303,-15.869,-0.5,16,1164,ASP,B,89.15,4.802,-18.234,-0.5,16,3.4555210895030006,3.4654387114293255
199,ASP,A,89.47,2.303,-15.869,-0.5,16,1165,ASP,B,87.544,5.425,-16.938,-0.5,16,3.8208796107702745,3.1340680083113233
200,ASP,A,90.286,3.352,-14.173,-0.5,16,1164,ASP,B,89.15,4.802,-18.234,-0.5,16,4.459228296465657,2.6854190356693173
200,ASP,A,90.286,3.352,-14.173,-0.5,16,1165,ASP,B,87.544,5.425,-16.938,-0.5,16,4.411475716809514,2.714487695374797
766,LYS,A,90.084,0.263,-14.471,1.0,52,1164,ASP,B,89.15,4.802,-18.234,-0.5,16,5.969509695108972,-4.012020136774579
766,LYS,A,90.084,0.263,-14.471,1.0,52,1165,ASP,B,87.544,5.425,-16.938,-0.5,16,6.259707101774014,-3.826024558986291
