atom1,res1,chain1,atom1_xcoord,atom1_ycoord,atom1_zcoord,atom1_chg,atom1_resnum,atom2,res2,chain2,atom2_xcoord,atom2_ycoord,atom2_zcoord,atom2_chg,atom2_resnum,distance,intene
807,HIS,A,38.719,20.289,-12.644,0.5,100,4953,LYS,B,27.977,20.243,-7.421,1.0,311,11.944555621704811,2.0050802944839896
807,HIS,A,38.719,20.289,-12.644,0.5,100,4983,ARG,B,32.345,17.434,-3.991,0.5,314,11.119950989100628,1.0768839326235786
807,HIS,A,38.719,20.289,-12.644,0.5,100,4984,ARG,B,34.61,17.324,-4.362,0.5,314,9.709100370271182,1.233368293152136
810,HIS,A,37.177,21.642,-13.273,0.5,100,4953,LYS,B,27.977,20.243,-7.421,1.0,311,10.992866095791397,2.1786668640144193
810,HIS,A,37.177,21.642,-13.273,0.5,100,4983,ARG,B,32.345,17.434,-3.991,0.5,314,11.27878592757217,1.0617185775687303
810,HIS,A,37.177,21.642,-13.273,0.5,100,4984,ARG,B,34.61,17.324,-4.362,0.5,314,10.229395583317714,1.1706357872456334
1853,GLU,A,70.398,-2.612,13.981,-0.5,232,2901,GLU,B,60.615,-1.723,20.583,-0.5,33,11.835700824201323,1.011760666274885
1944,GLU,A,68.663,15.761,18.65,-0.5,249,3446,HIS,B,61.384,16.274,27.212,0.5,100,11.249660172645216,-1.064467403276982
1944,GLU,A,68.663,15.761,18.65,-0.5,249,3449,HIS,B,60.666,17.773,25.856,0.5,100,10.951099899096896,-1.0934880205696664
1968,ARG,A,67.026,6.532,18.791,0.5,252,2900,GLU,B,61.504,-1.753,22.61,-0.5,33,10.663886252206556,-1.1229392614016591
1968,ARG,A,67.026,6.532,18.791,0.5,252,2901,GLU,B,60.615,-1.723,20.583,-0.5,33,10.604584386009662,-1.1292188468529036
1969,ARG,A,65.917,4.824,17.734,0.5,252,2900,GLU,B,61.504,-1.753,22.61,-0.5,33,9.300907160057024,-1.2874976973375916
1969,ARG,A,65.917,4.824,17.734,0.5,252,2901,GLU,B,60.615,-1.723,20.583,-0.5,33,8.893324125432514,-1.3465040048949926
2441,LYS,A,65.596,20.014,24.184,1.0,311,3446,HIS,B,61.384,16.274,27.212,0.5,100,6.3951018756545235,3.745021356832892
2441,LYS,A,65.596,20.014,24.184,1.0,311,3449,HIS,B,60.666,17.773,25.856,0.5,100,5.667677213815204,4.225680503658472
2471,ARG,A,62.517,17.26,18.525,0.5,314,3446,HIS,B,61.384,16.274,27.212,0.5,100,8.815886455711645,1.3583315315915656
2471,ARG,A,62.517,17.26,18.525,0.5,314,3449,HIS,B,60.666,17.773,25.856,0.5,100,7.578451754811141,1.5801244026026735
2472,ARG,A,63.047,17.552,20.747,0.5,314,3446,HIS,B,61.384,16.274,27.212,0.5,100,6.796696109140086,1.7618702321589002
2472,ARG,A,63.047,17.552,20.747,0.5,314,3449,HIS,B,60.666,17.773,25.856,0.5,100,5.640911539813403,2.1228655098038036
