atom1,res1,chain1,atom1_xcoord,atom1_ycoord,atom1_zcoord,atom1_chg,atom1_resnum,atom2,res2,chain2,atom2_xcoord,atom2_ycoord,atom2_zcoord,atom2_chg,atom2_resnum,distance,intene
578,ARG,A,-24.55,27.972,-26.675,0.5,78,1355,ARG,B,-15.245,26.844,-21.115,0.5,175,10.898119516687274,1.0988039297410983
578,ARG,A,-24.55,27.972,-26.675,0.5,78,1356,ARG,B,-16.722,28.074,-19.861,0.5,175,10.378756380222054,1.1537891547915815
578,ARG,A,-24.55,27.972,-26.675,0.5,78,1378,LYS,B,-20.448,32.046,-27.856,1.0,176,5.900732242696662,4.058783235435049
579,ARG,A,-25.195,26.199,-25.37,0.5,78,1355,ARG,B,-15.245,26.844,-21.115,0.5,175,10.840827920412723,1.1046108876219705
579,ARG,A,-25.195,26.199,-25.37,0.5,78,1356,ARG,B,-16.722,28.074,-19.861,0.5,175,10.27893160790556,1.1649942823351607
579,ARG,A,-25.195,26.199,-25.37,0.5,78,1378,LYS,B,-20.448,32.046,-27.856,1.0,176,7.931053776138451,3.019749175765794
