atom1,res1,chain1,atom1_xcoord,atom1_ycoord,atom1_zcoord,atom1_chg,atom1_resnum,atom2,res2,chain2,atom2_xcoord,atom2_ycoord,atom2_zcoord,atom2_chg,atom2_resnum,distance,intene
541,ARG,A,9.178,12.779,-7.258,0.5,560,1167,ARG,B,6.621,15.898,-4.347,0.5,560,4.973965319541342,2.407515087545557
541,ARG,A,9.178,12.779,-7.258,0.5,560,1168,ARG,B,6.896,15.156,-6.502,0.5,560,3.3807083577262333,3.542126467181602
541,ARG,A,9.178,12.779,-7.258,0.5,560,1191,ARG,B,14.541,16.216,-1.111,0.5,561,8.852137990338832,1.3527688525408736
541,ARG,A,9.178,12.779,-7.258,0.5,560,1192,ARG,B,14.938,14.263,0.027,0.5,561,9.40484348620433,1.2732690947265353
542,ARG,A,11.349,12.133,-6.88,0.5,560,1167,ARG,B,6.621,15.898,-4.347,0.5,560,6.5532662085405935,1.8273172751806976
542,ARG,A,11.349,12.133,-6.88,0.5,560,1168,ARG,B,6.896,15.156,-6.502,0.5,560,5.3954260258111235,2.219453384114165
542,ARG,A,11.349,12.133,-6.88,0.5,560,1191,ARG,B,14.541,16.216,-1.111,0.5,561,7.755070212448113,1.544137734885048
542,ARG,A,11.349,12.133,-6.88,0.5,560,1192,ARG,B,14.938,14.263,0.027,0.5,561,8.069973358072504,1.4838830341051232
565,ARG,A,9.087,18.141,-10.118,0.5,561,1167,ARG,B,6.621,15.898,-4.347,0.5,560,6.664581457225951,1.7967964873083775
565,ARG,A,9.087,18.141,-10.118,0.5,561,1168,ARG,B,6.896,15.156,-6.502,0.5,560,5.175534948196176,2.313750495665716
565,ARG,A,9.087,18.141,-10.118,0.5,561,1191,ARG,B,14.541,16.216,-1.111,0.5,561,10.704101550340411,1.1187203797915495
566,ARG,A,7.087,17.535,-9.171,0.5,561,1167,ARG,B,6.621,15.898,-4.347,0.5,560,5.115457066577726,2.34092406521465
566,ARG,A,7.087,17.535,-9.171,0.5,561,1168,ARG,B,6.896,15.156,-6.502,0.5,560,3.5804584901936787,3.344514839236797
566,ARG,A,7.087,17.535,-9.171,0.5,561,1191,ARG,B,14.541,16.216,-1.111,0.5,561,11.057372065730627,1.0829785305712134
