atom1,res1,chain1,atom1_xcoord,atom1_ycoord,atom1_zcoord,atom1_chg,atom1_resnum,atom2,res2,chain2,atom2_xcoord,atom2_ycoord,atom2_zcoord,atom2_chg,atom2_resnum,distance,intene
200,GLU,A,26.633,0.589,13.474,-0.5,12,823,GLU,B,23.685,5.857,15.689,-0.5,112,6.430299604217521,1.8622610591690023
200,GLU,A,26.633,0.589,13.474,-0.5,12,824,GLU,B,23.316,6.318,13.541,-0.5,112,6.6203035428898565,1.8088138216237928
201,GLU,A,27.432,1.917,11.873,-0.5,12,823,GLU,B,23.685,5.857,15.689,-0.5,112,6.642700128712721,1.8027152091305882
201,GLU,A,27.432,1.917,11.873,-0.5,12,824,GLU,B,23.316,6.318,13.541,-0.5,112,6.2523980199600215,1.9152485995766322
201,GLU,A,27.432,1.917,11.873,-0.5,12,925,GLU,B,24.267,8.714,3.377,-0.5,119,11.331303984978955,1.0567977496321999
302,GLU,A,28.634,8.418,3.745,-0.5,19,824,GLU,B,23.316,6.318,13.541,-0.5,112,11.342519120548133,1.0557528203792392
302,GLU,A,28.634,8.418,3.745,-0.5,19,925,GLU,B,24.267,8.714,3.377,-0.5,119,4.392462748846029,2.726237474608097
302,GLU,A,28.634,8.418,3.745,-0.5,19,926,GLU,B,23.493,10.58,4.317,-0.5,119,5.606363259725508,2.1359473150354584
303,GLU,A,29.385,6.454,3.01,-0.5,19,925,GLU,B,24.267,8.714,3.377,-0.5,119,5.606800602839379,2.135780706319366
303,GLU,A,29.385,6.454,3.01,-0.5,19,926,GLU,B,23.493,10.58,4.317,-0.5,119,7.3107994774853475,1.637973601738434
570,ARG,A,28.192,19.618,-13.795,0.5,33,1193,ARG,B,29.043,15.345,-15.753,0.5,133,4.776661386366002,2.5069594813448615
570,ARG,A,28.192,19.618,-13.795,0.5,33,1194,ARG,B,30.779,14.067,-16.613,0.5,133,6.741460820920046,1.7763058882673821
571,ARG,A,26.54,21.24,-13.648,0.5,33,1193,ARG,B,29.043,15.345,-15.753,0.5,133,6.741443391440737,1.7763104807685615
571,ARG,A,26.54,21.24,-13.648,0.5,33,1194,ARG,B,30.779,14.067,-16.613,0.5,133,8.84377040633688,1.354048782535523
