atom1,res1,chain1,atom1_xcoord,atom1_ycoord,atom1_zcoord,atom1_chg,atom1_resnum,atom2,res2,chain2,atom2_xcoord,atom2_ycoord,atom2_zcoord,atom2_chg,atom2_resnum,distance,intene,intr_type
21,LYS,A,5.292,2.389,25.519,1.0,3,1482,ASP,B,-0.368,-4.613,28.928,-0.5,52,9.627298946225782,-2.487696002505187,elec
21,LYS,A,5.292,2.389,25.519,1.0,3,1483,ASP,B,1.258,-3.179,28.873,-0.5,52,7.650169671321024,-3.1306224740650297,elec
63,LYS,A,-8.705,-10.202,24.313,1.0,9,1482,ASP,B,-0.368,-4.613,28.928,-0.5,52,11.04720394489031,-2.167950661807582,elec
378,ASP,A,-18.862,-1.607,35.817,-0.5,52,1117,LYS,B,-20.434,2.351,44.047,1.0,3,9.26659851293882,-2.5845290556192237,elec
379,ASP,A,-19.596,-0.054,37.119,-0.5,52,1117,LYS,B,-20.434,2.351,44.047,1.0,3,7.381290740785108,-3.2446619357661106,elec
