atom1,res1,chain1,atom1_xcoord,atom1_ycoord,atom1_zcoord,atom1_chg,atom1_resnum,atom2,res2,chain2,atom2_xcoord,atom2_ycoord,atom2_zcoord,atom2_chg,atom2_resnum,distance,intene
652,GLU,A,134.136,154.85,139.769,-0.5,88,3747,GLU,B,141.896,159.201,132.359,-0.5,88,11.578294390798664,1.0342539365073198
652,GLU,A,134.136,154.85,139.769,-0.5,88,3748,GLU,B,141.247,159.163,134.463,-0.5,88,9.865187580578512,1.2138539134622222
653,GLU,A,135.032,156.686,138.953,-0.5,88,3747,GLU,B,141.896,159.201,132.359,-0.5,88,9.844823868409202,1.2163647325525113
653,GLU,A,135.032,156.686,138.953,-0.5,88,3748,GLU,B,141.247,159.163,134.463,-0.5,88,8.057409881593472,1.4861967713818136
