atom1,res1,chain1,atom1_xcoord,atom1_ycoord,atom1_zcoord,atom1_chg,atom1_resnum,atom2,res2,chain2,atom2_xcoord,atom2_ycoord,atom2_zcoord,atom2_chg,atom2_resnum,distance,intene
8,GLU,A,6.205,0.329,-0.198,-0.5,1,641,LYS,B,10.004,-8.675,-2.575,1.0,102,10.057561632920775,-2.3812723180392896
24,LYS,A,2.207,-3.052,-9.803,1.0,2,625,GLU,B,11.128,-6.233,-13.166,-0.5,101,10.050510982034695,-2.3829428320867043
24,LYS,A,2.207,-3.052,-9.803,1.0,2,709,GLU,B,4.167,-11.196,-4.27,-0.5,106,10.03894541274132,-2.38568814937986
24,LYS,A,2.207,-3.052,-9.803,1.0,2,710,GLU,B,5.97,-11.904,-5.31,-0.5,106,10.616266857987323,-2.2559524382555676
92,GLU,A,0.84,-8.698,-6.617,-0.5,6,641,LYS,B,10.004,-8.675,-2.575,1.0,102,10.015846893797848,-2.391190016919967
92,GLU,A,0.84,-8.698,-6.617,-0.5,6,709,GLU,B,4.167,-11.196,-4.27,-0.5,106,4.776750150468412,2.5069128956953866
92,GLU,A,0.84,-8.698,-6.617,-0.5,6,710,GLU,B,5.97,-11.904,-5.31,-0.5,106,6.1889890127548295,1.9348711925397162
93,GLU,A,0.089,-6.808,-5.784,-0.5,6,641,LYS,B,10.004,-8.675,-2.575,1.0,102,10.587284590488725,-2.2621280176943572
93,GLU,A,0.089,-6.808,-5.784,-0.5,6,709,GLU,B,4.167,-11.196,-4.27,-0.5,106,6.178739677312842,1.9380807700466298
93,GLU,A,0.089,-6.808,-5.784,-0.5,6,710,GLU,B,5.97,-11.904,-5.31,-0.5,106,7.796156296534851,1.5360000616004335
