atom1,res1,chain1,atom1_xcoord,atom1_ycoord,atom1_zcoord,atom1_chg,atom1_resnum,atom2,res2,chain2,atom2_xcoord,atom2_ycoord,atom2_zcoord,atom2_chg,atom2_resnum,distance,intene,intr_type
1089,ARG,A,55.668,35.771,81.263,0.5,144,4438,HIS,B,52.997,37.427,70.695,0.5,262,11.025388927380305,1.0861201024832638,elec
1089,ARG,A,55.668,35.771,81.263,0.5,144,4441,HIS,B,53.269,39.493,71.192,0.5,262,11.001523803546501,1.0884761752607268,elec
1089,ARG,A,55.668,35.771,81.263,0.5,144,4878,LYS,B,48.788,26.85,78.409,1.0,323,11.621701983788778,2.0607819006937254,elec
1090,ARG,A,56.006,36.875,79.278,0.5,144,4438,HIS,B,52.997,37.427,70.695,0.5,262,9.11189738748194,1.3142045001708895,elec
1090,ARG,A,56.006,36.875,79.278,0.5,144,4441,HIS,B,53.269,39.493,71.192,0.5,262,8.929081083739817,1.3411118612788568,elec
1090,ARG,A,56.006,36.875,79.278,0.5,144,4467,ARG,B,53.345,36.855,68.012,0.5,265,11.576013001029333,1.034457766301691,elec
1996,HIS,A,67.209,55.738,85.239,0.5,262,3531,ARG,B,70.034,53.271,74.502,0.5,144,11.373209001860477,1.052903938524759,elec
1996,HIS,A,67.209,55.738,85.239,0.5,262,3532,ARG,B,69.012,52.88,76.522,0.5,144,9.349067440124708,1.2808653513750248,elec
1999,HIS,A,65.244,55.051,84.732,0.5,262,3531,ARG,B,70.034,53.271,74.502,0.5,144,11.435270001184938,1.047189664125402,elec
1999,HIS,A,65.244,55.051,84.732,0.5,262,3532,ARG,B,69.012,52.88,76.522,0.5,144,9.290595513743988,1.2889266930208236,elec
2025,ARG,A,67.756,55.518,87.918,0.5,265,3532,ARG,B,69.012,52.88,76.522,0.5,144,11.764582270527075,1.0178769017344498,elec
2436,LYS,A,77.179,61.734,77.803,1.0,323,3531,ARG,B,70.034,53.271,74.502,0.5,144,11.557248591252158,2.072274634775634,elec
