atom1,res1,chain1,atom1_xcoord,atom1_ycoord,atom1_zcoord,atom1_chg,atom1_resnum,atom2,res2,chain2,atom2_xcoord,atom2_ycoord,atom2_zcoord,atom2_chg,atom2_resnum,distance,intene
137,GLU,A,-18.634,-3.027,9.229,-0.5,70,828,GLU,B,-16.951,-12.01,4.891,-0.5,72,10.116571652491768,1.183691171581299
137,GLU,A,-18.634,-3.027,9.229,-0.5,70,829,GLU,B,-18.05,-10.158,4.915,-0.5,72,8.354807777561371,1.4332940829453062
138,GLU,A,-19.734,-4.879,9.253,-0.5,70,828,GLU,B,-16.951,-12.01,4.891,-0.5,72,8.810408276578334,1.3591761216739873
138,GLU,A,-19.734,-4.879,9.253,-0.5,70,829,GLU,B,-18.05,-10.158,4.915,-0.5,72,7.037182745957362,1.7016605911795222
166,GLU,A,-19.734,-7.835,0.594,-0.5,72,733,HIS,B,-14.877,-9.299,-6.103,0.5,66,8.401401906824837,-1.425345041759803
166,GLU,A,-19.734,-7.835,0.594,-0.5,72,736,HIS,B,-15.586,-11.046,-4.931,0.5,66,7.618533323415998,-1.5718112717205828
166,GLU,A,-19.734,-7.835,0.594,-0.5,72,828,GLU,B,-16.951,-12.01,4.891,-0.5,72,6.606051997978823,1.8127160602713932
166,GLU,A,-19.734,-7.835,0.594,-0.5,72,829,GLU,B,-18.05,-10.158,4.915,-0.5,72,5.186831981084407,2.308711096753235
167,GLU,A,-19.888,-6.172,1.955,-0.5,72,733,HIS,B,-14.877,-9.299,-6.103,0.5,66,9.990976628938734,-1.1985711704138118
167,GLU,A,-19.888,-6.172,1.955,-0.5,72,736,HIS,B,-15.586,-11.046,-4.931,0.5,66,9.469956494092251,-1.2645144208629227
167,GLU,A,-19.888,-6.172,1.955,-0.5,72,828,GLU,B,-16.951,-12.01,4.891,-0.5,72,7.16437778177561,1.6714496243044705
167,GLU,A,-19.888,-6.172,1.955,-0.5,72,829,GLU,B,-18.05,-10.158,4.915,-0.5,72,5.2941514900879065,2.261910444788821
